.model_row_id,site,participant_key,local_date,value,response_value,photoperiod_hours,photoperiod_centered_hours,latitude_deg,absolute_latitude_10deg_centered,metric_support_available,metric_support_valid_minutes,metric_support_expected_minutes,metric_any_censored
BAUA::BAUA_S001::2025-06-11,BAUA,BAUA::BAUA_S001,2025-06-11,7.366666666666666,7.366666666666666,18.13485554655393,3.984192884035698,51.498204,1.3409768196470289,FALSE,,,
BAUA::BAUA_S001::2025-06-12,BAUA,BAUA::BAUA_S001,2025-06-12,4.083333333333333,4.083333333333333,18.15373947189914,4.003076809380909,51.498204,1.3409768196470289,FALSE,,,
BAUA::BAUA_S001::2025-06-13,BAUA,BAUA::BAUA_S001,2025-06-13,4.583333333333333,4.583333333333333,18.170627665254806,4.0199650027365745,51.498204,1.3409768196470289,FALSE,,,
BAUA::BAUA_S002::2025-06-11,BAUA,BAUA::BAUA_S002,2025-06-11,5.35,5.35,18.13485554655393,3.984192884035698,51.498204,1.3409768196470289,FALSE,,,
BAUA::BAUA_S002::2025-06-12,BAUA,BAUA::BAUA_S002,2025-06-12,4.3,4.3,18.15373947189914,4.003076809380909,51.498204,1.3409768196470289,FALSE,,,
BAUA::BAUA_S002::2025-06-13,BAUA,BAUA::BAUA_S002,2025-06-13,4.933333333333334,4.933333333333334,18.170627665254806,4.0199650027365745,51.498204,1.3409768196470289,FALSE,,,
BAUA::BAUA_S002::2025-06-14,BAUA,BAUA::BAUA_S002,2025-06-14,3.933333333333333,3.933333333333333,18.18549463795291,4.034831975434679,51.498204,1.3409768196470289,FALSE,,,
BAUA::BAUA_S002::2025-06-15,BAUA,BAUA::BAUA_S002,2025-06-15,4.816666666666666,4.816666666666666,18.198317792680527,4.047655130162296,51.498204,1.3409768196470289,FALSE,,,
BAUA::BAUA_S002::2025-06-16,BAUA,BAUA::BAUA_S002,2025-06-16,3.25,3.25,18.20907755719291,4.058414894674678,51.498204,1.3409768196470289,FALSE,,,
BAUA::BAUA_S003::2025-06-11,BAUA,BAUA::BAUA_S003,2025-06-11,2.3333333333333335,2.3333333333333335,18.13485554655393,3.984192884035698,51.498204,1.3409768196470289,FALSE,,,
BAUA::BAUA_S003::2025-06-12,BAUA,BAUA::BAUA_S003,2025-06-12,2.783333333333333,2.783333333333333,18.15373947189914,4.003076809380909,51.498204,1.3409768196470289,FALSE,,,
BAUA::BAUA_S003::2025-06-13,BAUA,BAUA::BAUA_S003,2025-06-13,2.933333333333333,2.933333333333333,18.170627665254806,4.0199650027365745,51.498204,1.3409768196470289,FALSE,,,
BAUA::BAUA_S003::2025-06-14,BAUA,BAUA::BAUA_S003,2025-06-14,0.85,0.85,18.18549463795291,4.034831975434679,51.498204,1.3409768196470289,FALSE,,,
BAUA::BAUA_S003::2025-06-15,BAUA,BAUA::BAUA_S003,2025-06-15,0.8833333333333333,0.8833333333333333,18.198317792680527,4.047655130162296,51.498204,1.3409768196470289,FALSE,,,
BAUA::BAUA_S003::2025-06-16,BAUA,BAUA::BAUA_S003,2025-06-16,0.03333333333333333,0.03333333333333333,18.20907755719291,4.058414894674678,51.498204,1.3409768196470289,FALSE,,,
BAUA::BAUA_S004::2025-06-11,BAUA,BAUA::BAUA_S004,2025-06-11,3.7666666666666666,3.7666666666666666,18.13485554655393,3.984192884035698,51.498204,1.3409768196470289,FALSE,,,
BAUA::BAUA_S004::2025-06-12,BAUA,BAUA::BAUA_S004,2025-06-12,6.316666666666666,6.316666666666666,18.15373947189914,4.003076809380909,51.498204,1.3409768196470289,FALSE,,,
BAUA::BAUA_S004::2025-06-13,BAUA,BAUA::BAUA_S004,2025-06-13,3.3833333333333333,3.3833333333333333,18.170627665254806,4.0199650027365745,51.498204,1.3409768196470289,FALSE,,,
BAUA::BAUA_S004::2025-06-14,BAUA,BAUA::BAUA_S004,2025-06-14,3.8,3.8,18.18549463795291,4.034831975434679,51.498204,1.3409768196470289,FALSE,,,
BAUA::BAUA_S004::2025-06-15,BAUA,BAUA::BAUA_S004,2025-06-15,2.216666666666667,2.216666666666667,18.198317792680527,4.047655130162296,51.498204,1.3409768196470289,FALSE,,,
BAUA::BAUA_S004::2025-06-16,BAUA,BAUA::BAUA_S004,2025-06-16,5.616666666666666,5.616666666666666,18.20907755719291,4.058414894674678,51.498204,1.3409768196470289,FALSE,,,
BAUA::BAUA_S005::2025-06-11,BAUA,BAUA::BAUA_S005,2025-06-11,3.05,3.05,18.13485554655393,3.984192884035698,51.498204,1.3409768196470289,FALSE,,,
BAUA::BAUA_S005::2025-06-12,BAUA,BAUA::BAUA_S005,2025-06-12,5,5,18.15373947189914,4.003076809380909,51.498204,1.3409768196470289,FALSE,,,
BAUA::BAUA_S005::2025-06-13,BAUA,BAUA::BAUA_S005,2025-06-13,2.7666666666666666,2.7666666666666666,18.170627665254806,4.0199650027365745,51.498204,1.3409768196470289,FALSE,,,
BAUA::BAUA_S005::2025-06-14,BAUA,BAUA::BAUA_S005,2025-06-14,1.8,1.8,18.18549463795291,4.034831975434679,51.498204,1.3409768196470289,FALSE,,,
BAUA::BAUA_S005::2025-06-15,BAUA,BAUA::BAUA_S005,2025-06-15,0.23333333333333334,0.23333333333333334,18.198317792680527,4.047655130162296,51.498204,1.3409768196470289,FALSE,,,
BAUA::BAUA_S006::2025-06-11,BAUA,BAUA::BAUA_S006,2025-06-11,8.216666666666667,8.216666666666667,18.13485554655393,3.984192884035698,51.498204,1.3409768196470289,FALSE,,,
BAUA::BAUA_S006::2025-06-12,BAUA,BAUA::BAUA_S006,2025-06-12,7.183333333333334,7.183333333333334,18.15373947189914,4.003076809380909,51.498204,1.3409768196470289,FALSE,,,
BAUA::BAUA_S006::2025-06-13,BAUA,BAUA::BAUA_S006,2025-06-13,5.366666666666666,5.366666666666666,18.170627665254806,4.0199650027365745,51.498204,1.3409768196470289,FALSE,,,
BAUA::BAUA_S009::2025-06-25,BAUA,BAUA::BAUA_S009,2025-06-25,11.1,11.1,18.211450270281897,4.060787607763666,51.498204,1.3409768196470289,FALSE,,,
BAUA::BAUA_S009::2025-06-26,BAUA,BAUA::BAUA_S009,2025-06-26,5.65,5.65,18.201224926577673,4.050562264059442,51.498204,1.3409768196470289,FALSE,,,
BAUA::BAUA_S009::2025-06-27,BAUA,BAUA::BAUA_S009,2025-06-27,8.433333333333334,8.433333333333334,18.188940423462125,4.038277760943894,51.498204,1.3409768196470289,FALSE,,,
BAUA::BAUA_S009::2025-06-28,BAUA,BAUA::BAUA_S009,2025-06-28,7.866666666666666,7.866666666666666,18.174617048899332,4.023954386381101,51.498204,1.3409768196470289,FALSE,,,
BAUA::BAUA_S009::2025-06-29,BAUA,BAUA::BAUA_S009,2025-06-29,11.35,11.35,18.15827808989419,4.007615427375958,51.498204,1.3409768196470289,FALSE,,,
BAUA::BAUA_S009::2025-06-30,BAUA,BAUA::BAUA_S009,2025-06-30,8.1,8.1,18.13994969639513,3.9892870338769004,51.498204,1.3409768196470289,FALSE,,,
BAUA::BAUA_S012::2025-07-16,BAUA,BAUA::BAUA_S012,2025-07-16,0.21666666666666667,0.21666666666666667,17.605919546220036,3.4552568837018054,51.498204,1.3409768196470289,FALSE,,,
BAUA::BAUA_S012::2025-07-17,BAUA,BAUA::BAUA_S012,2025-07-17,4.266666666666667,4.266666666666667,17.559705352187155,3.409042689668924,51.498204,1.3409768196470289,FALSE,,,
BAUA::BAUA_S012::2025-07-18,BAUA,BAUA::BAUA_S012,2025-07-18,5.566666666666666,5.566666666666666,17.51226164135668,3.3615989788384493,51.498204,1.3409768196470289,FALSE,,,
BAUA::BAUA_S012::2025-07-19,BAUA,BAUA::BAUA_S012,2025-07-19,0,0,17.463635578751564,3.312972916233333,51.498204,1.3409768196470289,FALSE,,,
BAUA::BAUA_S012::2025-07-20,BAUA,BAUA::BAUA_S012,2025-07-20,7.1,7.1,17.413873874545096,3.2632112120268655,51.498204,1.3409768196470289,FALSE,,,
BAUA::BAUA_S013::2025-07-18,BAUA,BAUA::BAUA_S013,2025-07-18,4.783333333333333,4.783333333333333,17.51226164135668,3.3615989788384493,51.498204,1.3409768196470289,FALSE,,,
BAUA::BAUA_S013::2025-07-19,BAUA,BAUA::BAUA_S013,2025-07-19,5.516666666666667,5.516666666666667,17.463635578751564,3.312972916233333,51.498204,1.3409768196470289,FALSE,,,
BAUA::BAUA_S013::2025-07-20,BAUA,BAUA::BAUA_S013,2025-07-20,4.7,4.7,17.413873874545096,3.2632112120268655,51.498204,1.3409768196470289,FALSE,,,
BAUA::BAUA_S013::2025-07-21,BAUA,BAUA::BAUA_S013,2025-07-21,3.183333333333333,3.183333333333333,17.36302268412378,3.2123600216055497,51.498204,1.3409768196470289,FALSE,,,
BAUA::BAUA_S014::2025-07-16,BAUA,BAUA::BAUA_S014,2025-07-16,4.733333333333333,4.733333333333333,17.605919546220036,3.4552568837018054,51.498204,1.3409768196470289,FALSE,,,
BAUA::BAUA_S014::2025-07-17,BAUA,BAUA::BAUA_S014,2025-07-17,4.35,4.35,17.559705352187155,3.409042689668924,51.498204,1.3409768196470289,FALSE,,,
BAUA::BAUA_S014::2025-07-18,BAUA,BAUA::BAUA_S014,2025-07-18,8.066666666666666,8.066666666666666,17.51226164135668,3.3615989788384493,51.498204,1.3409768196470289,FALSE,,,
BAUA::BAUA_S014::2025-07-19,BAUA,BAUA::BAUA_S014,2025-07-19,3.3666666666666667,3.3666666666666667,17.463635578751564,3.312972916233333,51.498204,1.3409768196470289,FALSE,,,
BAUA::BAUA_S014::2025-07-20,BAUA,BAUA::BAUA_S014,2025-07-20,8.633333333333333,8.633333333333333,17.413873874545096,3.2632112120268655,51.498204,1.3409768196470289,FALSE,,,
BAUA::BAUA_S014::2025-07-21,BAUA,BAUA::BAUA_S014,2025-07-21,6.066666666666666,6.066666666666666,17.36302268412378,3.2123600216055497,51.498204,1.3409768196470289,FALSE,,,
BAUA::BAUA_S015::2025-07-23,BAUA,BAUA::BAUA_S015,2025-07-23,8.2,8.2,17.25823315329022,3.107570490771989,51.498204,1.3409768196470289,FALSE,,,
BAUA::BAUA_S015::2025-07-24,BAUA,BAUA::BAUA_S015,2025-07-24,3,3,17.20438357512156,3.05372091260333,51.498204,1.3409768196470289,FALSE,,,
BAUA::BAUA_S015::2025-07-26,BAUA,BAUA::BAUA_S015,2025-07-26,2.1333333333333333,2.1333333333333333,17.093990320430862,2.943327657912631,51.498204,1.3409768196470289,FALSE,,,
BAUA::BAUA_S015::2025-07-27,BAUA,BAUA::BAUA_S015,2025-07-27,1.8166666666666667,1.8166666666666667,17.037530069549877,2.8868674070316462,51.498204,1.3409768196470289,FALSE,,,
BAUA::BAUA_S015::2025-07-28,BAUA,BAUA::BAUA_S015,2025-07-28,0.3333333333333333,0.3333333333333333,16.98028136703703,2.829618704518799,51.498204,1.3409768196470289,FALSE,,,
BAUA::BAUA_S016::2025-07-23,BAUA,BAUA::BAUA_S016,2025-07-23,0.9333333333333333,0.9333333333333333,17.25823315329022,3.107570490771989,51.498204,1.3409768196470289,FALSE,,,
BAUA::BAUA_S016::2025-07-24,BAUA,BAUA::BAUA_S016,2025-07-24,0.9666666666666667,0.9666666666666667,17.20438357512156,3.05372091260333,51.498204,1.3409768196470289,FALSE,,,
BAUA::BAUA_S016::2025-07-25,BAUA,BAUA::BAUA_S016,2025-07-25,0.8166666666666667,0.8166666666666667,17.14962189859814,2.9989592360799104,51.498204,1.3409768196470289,FALSE,,,
BAUA::BAUA_S016::2025-07-26,BAUA,BAUA::BAUA_S016,2025-07-26,0.7833333333333333,0.7833333333333333,17.093990320430862,2.943327657912631,51.498204,1.3409768196470289,FALSE,,,
BAUA::BAUA_S016::2025-07-27,BAUA,BAUA::BAUA_S016,2025-07-27,1.1333333333333333,1.1333333333333333,17.037530069549877,2.8868674070316462,51.498204,1.3409768196470289,FALSE,,,
BAUA::BAUA_S016::2025-07-28,BAUA,BAUA::BAUA_S016,2025-07-28,0.6666666666666666,0.6666666666666666,16.98028136703703,2.829618704518799,51.498204,1.3409768196470289,FALSE,,,
BAUA::BAUA_S018::2025-09-09,BAUA,BAUA::BAUA_S018,2025-09-09,2.216666666666667,2.216666666666667,14.173865788976352,0.02320312645812095,51.498204,1.3409768196470289,FALSE,,,
BAUA::BAUA_S018::2025-09-10,BAUA,BAUA::BAUA_S018,2025-09-10,2.35,2.35,14.106545170876714,-0.04411749164151679,51.498204,1.3409768196470289,FALSE,,,
BAUA::BAUA_S018::2025-09-11,BAUA,BAUA::BAUA_S018,2025-09-11,0.9166666666666666,0.9166666666666666,14.039288122190369,-0.11137454032786209,51.498204,1.3409768196470289,FALSE,,,
BAUA::BAUA_S018::2025-09-12,BAUA,BAUA::BAUA_S018,2025-09-12,1.6166666666666667,1.6166666666666667,13.972100253105163,-0.17856240941306822,51.498204,1.3409768196470289,FALSE,,,
BAUA::BAUA_S022::2025-09-24,BAUA,BAUA::BAUA_S022,2025-09-24,2.55,2.55,13.17307060652309,-0.9775920559951405,51.498204,1.3409768196470289,FALSE,,,
BAUA::BAUA_S022::2025-09-27,BAUA,BAUA::BAUA_S022,2025-09-27,4.816666666666666,4.816666666666666,12.975956710047193,-1.1747059524710384,51.498204,1.3409768196470289,FALSE,,,
BAUA::BAUA_S022::2025-09-28,BAUA,BAUA::BAUA_S022,2025-09-28,6.1,6.1,12.910536039935218,-1.2401266225830128,51.498204,1.3409768196470289,FALSE,,,
BAUA::BAUA_S022::2025-09-29,BAUA,BAUA::BAUA_S022,2025-09-29,2.7666666666666666,2.7666666666666666,12.845265362262726,-1.305397300255505,51.498204,1.3409768196470289,FALSE,,,
BAUA::BAUA_S024::2025-10-14,BAUA,BAUA::BAUA_S024,2025-10-14,0.16666666666666666,0.16666666666666666,11.888039366337988,-2.2626232961802426,51.498204,1.3409768196470289,FALSE,,,
BAUA::BAUA_S024::2025-10-15,BAUA,BAUA::BAUA_S024,2025-10-15,0.13333333333333333,0.13333333333333333,11.825984905560812,-2.324677756957419,51.498204,1.3409768196470289,FALSE,,,
BAUA::BAUA_S024::2025-10-16,BAUA,BAUA::BAUA_S024,2025-10-16,0.6166666666666667,0.6166666666666667,11.764196532567341,-2.3864661299508896,51.498204,1.3409768196470289,FALSE,,,
BAUA::BAUA_S024::2025-10-17,BAUA,BAUA::BAUA_S024,2025-10-17,0.05,0.05,11.702684059407975,-2.447978603110256,51.498204,1.3409768196470289,FALSE,,,
BAUA::BAUA_S024::2025-10-18,BAUA,BAUA::BAUA_S024,2025-10-18,2.5833333333333335,2.5833333333333335,11.641457739075024,-2.509204923443207,51.498204,1.3409768196470289,FALSE,,,
BAUA::BAUA_S024::2025-10-19,BAUA,BAUA::BAUA_S024,2025-10-19,2.85,2.85,11.580528282059564,-2.5701343804586667,51.498204,1.3409768196470289,FALSE,,,
BAUA::BAUA_S025::2025-10-14,BAUA,BAUA::BAUA_S025,2025-10-14,0.9333333333333333,0.9333333333333333,11.888039366337988,-2.2626232961802426,51.498204,1.3409768196470289,FALSE,,,
BAUA::BAUA_S025::2025-10-15,BAUA,BAUA::BAUA_S025,2025-10-15,2.7,2.7,11.825984905560812,-2.324677756957419,51.498204,1.3409768196470289,FALSE,,,
BAUA::BAUA_S025::2025-10-16,BAUA,BAUA::BAUA_S025,2025-10-16,0,0,11.764196532567341,-2.3864661299508896,51.498204,1.3409768196470289,FALSE,,,
BAUA::BAUA_S025::2025-10-19,BAUA,BAUA::BAUA_S025,2025-10-19,2.283333333333333,2.283333333333333,11.580528282059564,-2.5701343804586667,51.498204,1.3409768196470289,FALSE,,,
FUSPCEU::FUSPCEU_S003::2024-10-08,FUSPCEU,FUSPCEU::FUSPCEU_S003,2024-10-08,0.65,0.65,12.348446626994345,-1.8022160355238857,40.4165,0.2328064196470283,FALSE,,,
FUSPCEU::FUSPCEU_S003::2024-10-09,FUSPCEU,FUSPCEU::FUSPCEU_S003,2024-10-09,3.7,3.7,12.305623547832171,-1.8450391146860596,40.4165,0.2328064196470283,FALSE,,,
FUSPCEU::FUSPCEU_S003::2024-10-10,FUSPCEU,FUSPCEU::FUSPCEU_S003,2024-10-10,6.433333333333334,6.433333333333334,12.26295735961861,-1.8877053028996205,40.4165,0.2328064196470283,FALSE,,,
FUSPCEU::FUSPCEU_S003::2024-10-11,FUSPCEU,FUSPCEU::FUSPCEU_S003,2024-10-11,1.2833333333333334,1.2833333333333334,12.220454689529207,-1.9302079729890238,40.4165,0.2328064196470283,FALSE,,,
FUSPCEU::FUSPCEU_S003::2024-10-12,FUSPCEU,FUSPCEU::FUSPCEU_S003,2024-10-12,0.5666666666666667,0.5666666666666667,12.178122354679637,-1.9725403078385941,40.4165,0.2328064196470283,FALSE,,,
FUSPCEU::FUSPCEU_S003::2024-10-13,FUSPCEU,FUSPCEU::FUSPCEU_S003,2024-10-13,2.3666666666666667,2.3666666666666667,12.13596737186114,-2.014695290657091,40.4165,0.2328064196470283,FALSE,,,
FUSPCEU::FUSPCEU_S004::2024-10-08,FUSPCEU,FUSPCEU::FUSPCEU_S004,2024-10-08,0.85,0.85,12.348446626994345,-1.8022160355238857,40.4165,0.2328064196470283,FALSE,,,
FUSPCEU::FUSPCEU_S004::2024-10-09,FUSPCEU,FUSPCEU::FUSPCEU_S004,2024-10-09,0.6333333333333333,0.6333333333333333,12.305623547832171,-1.8450391146860596,40.4165,0.2328064196470283,FALSE,,,
FUSPCEU::FUSPCEU_S004::2024-10-11,FUSPCEU,FUSPCEU::FUSPCEU_S004,2024-10-11,4.983333333333333,4.983333333333333,12.220454689529207,-1.9302079729890238,40.4165,0.2328064196470283,FALSE,,,
FUSPCEU::FUSPCEU_S004::2024-10-12,FUSPCEU,FUSPCEU::FUSPCEU_S004,2024-10-12,0.08333333333333333,0.08333333333333333,12.178122354679637,-1.9725403078385941,40.4165,0.2328064196470283,FALSE,,,
FUSPCEU::FUSPCEU_S004::2024-10-13,FUSPCEU,FUSPCEU::FUSPCEU_S004,2024-10-13,6.2,6.2,12.13596737186114,-2.014695290657091,40.4165,0.2328064196470283,FALSE,,,
FUSPCEU::FUSPCEU_S005::2024-10-15,FUSPCEU,FUSPCEU::FUSPCEU_S005,2024-10-15,6.416666666666667,6.416666666666667,12.052218589584033,-2.098444072934198,40.4165,0.2328064196470283,FALSE,,,
FUSPCEU::FUSPCEU_S005::2024-10-16,FUSPCEU,FUSPCEU::FUSPCEU_S005,2024-10-16,0.55,0.55,12.010639912883441,-2.14002274963479,40.4165,0.2328064196470283,FALSE,,,
FUSPCEU::FUSPCEU_S005::2024-10-17,FUSPCEU,FUSPCEU::FUSPCEU_S005,2024-10-17,0.2833333333333333,0.2833333333333333,11.969268852670988,-2.1813938098472434,40.4165,0.2328064196470283,FALSE,,,
FUSPCEU::FUSPCEU_S005::2024-10-18,FUSPCEU,FUSPCEU::FUSPCEU_S005,2024-10-18,6.733333333333333,6.733333333333333,11.928113571604094,-2.2225490909141374,40.4165,0.2328064196470283,FALSE,,,
FUSPCEU::FUSPCEU_S006::2024-10-15,FUSPCEU,FUSPCEU::FUSPCEU_S006,2024-10-15,0.9833333333333333,0.9833333333333333,12.052218589584033,-2.098444072934198,40.4165,0.2328064196470283,FALSE,,,
FUSPCEU::FUSPCEU_S006::2024-10-16,FUSPCEU,FUSPCEU::FUSPCEU_S006,2024-10-16,3.2333333333333334,3.2333333333333334,12.010639912883441,-2.14002274963479,40.4165,0.2328064196470283,FALSE,,,
FUSPCEU::FUSPCEU_S006::2024-10-17,FUSPCEU,FUSPCEU::FUSPCEU_S006,2024-10-17,1.5333333333333334,1.5333333333333334,11.969268852670988,-2.1813938098472434,40.4165,0.2328064196470283,FALSE,,,
FUSPCEU::FUSPCEU_S006::2024-10-18,FUSPCEU,FUSPCEU::FUSPCEU_S006,2024-10-18,3.3333333333333335,3.3333333333333335,11.928113571604094,-2.2225490909141374,40.4165,0.2328064196470283,FALSE,,,
FUSPCEU::FUSPCEU_S006::2024-10-19,FUSPCEU,FUSPCEU::FUSPCEU_S006,2024-10-19,3.45,3.45,11.88718248864015,-2.263480173878081,40.4165,0.2328064196470283,FALSE,,,
FUSPCEU::FUSPCEU_S007::2024-10-22,FUSPCEU,FUSPCEU::FUSPCEU_S007,2024-10-22,5.416666666666667,5.416666666666667,11.765822637412283,-2.384840025105948,40.4165,0.2328064196470283,FALSE,,,
FUSPCEU::FUSPCEU_S007::2024-10-23,FUSPCEU,FUSPCEU::FUSPCEU_S007,2024-10-23,1.9666666666666666,1.9666666666666666,11.725877948668268,-2.424784713849963,40.4165,0.2328064196470283,FALSE,,,
FUSPCEU::FUSPCEU_S007::2024-10-24,FUSPCEU,FUSPCEU::FUSPCEU_S007,2024-10-24,3.45,3.45,11.68620367626349,-2.4644589862547406,40.4165,0.2328064196470283,FALSE,,,
FUSPCEU::FUSPCEU_S007::2024-10-25,FUSPCEU,FUSPCEU::FUSPCEU_S007,2024-10-25,2.75,2.75,11.646809936960539,-2.5038527255576923,40.4165,0.2328064196470283,FALSE,,,
FUSPCEU::FUSPCEU_S007::2024-10-26,FUSPCEU,FUSPCEU::FUSPCEU_S007,2024-10-26,3.2,3.2,11.607707152366638,-2.542955510151593,40.4165,0.2328064196470283,FALSE,,,
FUSPCEU::FUSPCEU_S007::2024-10-27,FUSPCEU,FUSPCEU::FUSPCEU_S007,2024-10-27,3.8833333333333333,3.8833333333333333,11.568906053569581,-2.58175660894865,40.4165,0.2328064196470283,FALSE,,,
FUSPCEU::FUSPCEU_S008::2024-10-22,FUSPCEU,FUSPCEU::FUSPCEU_S008,2024-10-22,5.233333333333333,5.233333333333333,11.765822637412283,-2.384840025105948,40.4165,0.2328064196470283,FALSE,,,
FUSPCEU::FUSPCEU_S008::2024-10-23,FUSPCEU,FUSPCEU::FUSPCEU_S008,2024-10-23,5.8,5.8,11.725877948668268,-2.424784713849963,40.4165,0.2328064196470283,FALSE,,,
FUSPCEU::FUSPCEU_S008::2024-10-24,FUSPCEU,FUSPCEU::FUSPCEU_S008,2024-10-24,4.85,4.85,11.68620367626349,-2.4644589862547406,40.4165,0.2328064196470283,FALSE,,,
FUSPCEU::FUSPCEU_S008::2024-10-25,FUSPCEU,FUSPCEU::FUSPCEU_S008,2024-10-25,1.75,1.75,11.646809936960539,-2.5038527255576923,40.4165,0.2328064196470283,FALSE,,,
FUSPCEU::FUSPCEU_S008::2024-10-26,FUSPCEU,FUSPCEU::FUSPCEU_S008,2024-10-26,0,0,11.607707152366638,-2.542955510151593,40.4165,0.2328064196470283,FALSE,,,
FUSPCEU::FUSPCEU_S008::2024-10-27,FUSPCEU,FUSPCEU::FUSPCEU_S008,2024-10-27,0,0,11.568906053569581,-2.58175660894865,40.4165,0.2328064196470283,FALSE,,,
FUSPCEU::FUSPCEU_S009::2024-11-05,FUSPCEU,FUSPCEU::FUSPCEU_S009,2024-11-05,5.383333333333334,5.383333333333334,11.235199311110708,-2.9154633514075226,40.4165,0.2328064196470283,FALSE,,,
FUSPCEU::FUSPCEU_S009::2024-11-06,FUSPCEU,FUSPCEU::FUSPCEU_S009,2024-11-06,3.7,3.7,11.200074996153514,-2.950587666364717,40.4165,0.2328064196470283,FALSE,,,
FUSPCEU::FUSPCEU_S009::2024-11-07,FUSPCEU,FUSPCEU::FUSPCEU_S009,2024-11-07,6.7,6.7,11.165391299592125,-2.985271362926106,40.4165,0.2328064196470283,FALSE,,,
FUSPCEU::FUSPCEU_S009::2024-11-08,FUSPCEU,FUSPCEU::FUSPCEU_S009,2024-11-08,3.1166666666666667,3.1166666666666667,11.131162701845168,-3.0194999606730626,40.4165,0.2328064196470283,FALSE,,,
FUSPCEU::FUSPCEU_S009::2024-11-09,FUSPCEU,FUSPCEU::FUSPCEU_S009,2024-11-09,1.7666666666666666,1.7666666666666666,11.097403965526157,-3.0532586969920743,40.4165,0.2328064196470283,FALSE,,,
FUSPCEU::FUSPCEU_S009::2024-11-10,FUSPCEU,FUSPCEU::FUSPCEU_S009,2024-11-10,1.95,1.95,11.06413012444973,-3.086532538068502,40.4165,0.2328064196470283,FALSE,,,
FUSPCEU::FUSPCEU_S010::2024-11-04,FUSPCEU,FUSPCEU::FUSPCEU_S010,2024-11-04,0.4666666666666667,0.4666666666666667,11.270750055644248,-2.879912606873983,40.4165,0.2328064196470283,FALSE,,,
FUSPCEU::FUSPCEU_S010::2024-11-05,FUSPCEU,FUSPCEU::FUSPCEU_S010,2024-11-05,8.95,8.95,11.235199311110708,-2.9154633514075226,40.4165,0.2328064196470283,FALSE,,,
FUSPCEU::FUSPCEU_S010::2024-11-06,FUSPCEU,FUSPCEU::FUSPCEU_S010,2024-11-06,7.3,7.3,11.200074996153514,-2.950587666364717,40.4165,0.2328064196470283,FALSE,,,
FUSPCEU::FUSPCEU_S010::2024-11-07,FUSPCEU,FUSPCEU::FUSPCEU_S010,2024-11-07,5.316666666666666,5.316666666666666,11.165391299592125,-2.985271362926106,40.4165,0.2328064196470283,FALSE,,,
FUSPCEU::FUSPCEU_S011::2024-11-12,FUSPCEU,FUSPCEU::FUSPCEU_S011,2024-11-12,4.75,4.75,10.999098544253243,-3.1515641182649876,40.4165,0.2328064196470283,FALSE,,,
FUSPCEU::FUSPCEU_S011::2024-11-13,FUSPCEU,FUSPCEU::FUSPCEU_S011,2024-11-13,2.4166666666666665,2.4166666666666665,10.967372110684712,-3.183290551833519,40.4165,0.2328064196470283,FALSE,,,
FUSPCEU::FUSPCEU_S011::2024-11-14,FUSPCEU,FUSPCEU::FUSPCEU_S011,2024-11-14,1.0166666666666666,1.0166666666666666,10.936193150546815,-3.2144695119714157,40.4165,0.2328064196470283,FALSE,,,
FUSPCEU::FUSPCEU_S012::2024-12-03,FUSPCEU,FUSPCEU::FUSPCEU_S012,2024-12-03,3.05,3.05,10.469824230074883,-3.6808384324433483,40.4165,0.2328064196470283,FALSE,,,
FUSPCEU::FUSPCEU_S012::2024-12-04,FUSPCEU,FUSPCEU::FUSPCEU_S012,2024-12-04,6,6,10.453057371642855,-3.6976052908753765,40.4165,0.2328064196470283,FALSE,,,
FUSPCEU::FUSPCEU_S012::2024-12-05,FUSPCEU,FUSPCEU::FUSPCEU_S012,2024-12-05,7.55,7.55,10.437175499664413,-3.713487162853818,40.4165,0.2328064196470283,FALSE,,,
FUSPCEU::FUSPCEU_S012::2024-12-06,FUSPCEU,FUSPCEU::FUSPCEU_S012,2024-12-06,0.95,0.95,10.42219187537829,-3.7284707871399405,40.4165,0.2328064196470283,FALSE,,,
FUSPCEU::FUSPCEU_S012::2024-12-07,FUSPCEU,FUSPCEU::FUSPCEU_S012,2024-12-07,0.2,0.2,10.408119205898709,-3.742543456619522,40.4165,0.2328064196470283,FALSE,,,
FUSPCEU::FUSPCEU_S012::2024-12-08,FUSPCEU,FUSPCEU::FUSPCEU_S012,2024-12-08,0,0,10.394969606002173,-3.7556930565160584,40.4165,0.2328064196470283,FALSE,,,
FUSPCEU::FUSPCEU_S013::2024-11-19,FUSPCEU,FUSPCEU::FUSPCEU_S013,2024-11-19,3.3333333333333335,3.3333333333333335,10.789082120656968,-3.3615805418612634,40.4165,0.2328064196470283,FALSE,,,
FUSPCEU::FUSPCEU_S013::2024-11-20,FUSPCEU,FUSPCEU::FUSPCEU_S013,2024-11-20,4.1,4.1,10.761532905565367,-3.3891297569528636,40.4165,0.2328064196470283,FALSE,,,
FUSPCEU::FUSPCEU_S013::2024-11-21,FUSPCEU,FUSPCEU::FUSPCEU_S013,2024-11-21,2.4833333333333334,2.4833333333333334,10.73464718706078,-3.416015475457451,40.4165,0.2328064196470283,FALSE,,,
FUSPCEU::FUSPCEU_S013::2024-11-22,FUSPCEU,FUSPCEU::FUSPCEU_S013,2024-11-22,3.55,3.55,10.708441830012534,-3.442220832505697,40.4165,0.2328064196470283,FALSE,,,
FUSPCEU::FUSPCEU_S013::2024-11-23,FUSPCEU,FUSPCEU::FUSPCEU_S013,2024-11-23,2.35,2.35,10.682933683130477,-3.467728979387754,40.4165,0.2328064196470283,FALSE,,,
FUSPCEU::FUSPCEU_S013::2024-11-24,FUSPCEU,FUSPCEU::FUSPCEU_S013,2024-11-24,0.9833333333333333,0.9833333333333333,10.65813954671224,-3.492523115805991,40.4165,0.2328064196470283,FALSE,,,
FUSPCEU::FUSPCEU_S014::2024-11-20,FUSPCEU,FUSPCEU::FUSPCEU_S014,2024-11-20,3.1,3.1,10.761532905565367,-3.3891297569528636,40.4165,0.2328064196470283,FALSE,,,
FUSPCEU::FUSPCEU_S014::2024-11-21,FUSPCEU,FUSPCEU::FUSPCEU_S014,2024-11-21,4.383333333333334,4.383333333333334,10.73464718706078,-3.416015475457451,40.4165,0.2328064196470283,FALSE,,,
FUSPCEU::FUSPCEU_S014::2024-11-22,FUSPCEU,FUSPCEU::FUSPCEU_S014,2024-11-22,4.633333333333334,4.633333333333334,10.708441830012534,-3.442220832505697,40.4165,0.2328064196470283,FALSE,,,
FUSPCEU::FUSPCEU_S014::2024-11-23,FUSPCEU,FUSPCEU::FUSPCEU_S014,2024-11-23,1.8,1.8,10.682933683130477,-3.467728979387754,40.4165,0.2328064196470283,FALSE,,,
FUSPCEU::FUSPCEU_S014::2024-11-24,FUSPCEU,FUSPCEU::FUSPCEU_S014,2024-11-24,1.85,1.85,10.65813954671224,-3.492523115805991,40.4165,0.2328064196470283,FALSE,,,
FUSPCEU::FUSPCEU_S015::2024-11-26,FUSPCEU,FUSPCEU::FUSPCEU_S015,2024-11-26,0.9166666666666666,0.9166666666666666,10.61076005200545,-3.5399026105127813,40.4165,0.2328064196470283,FALSE,,,
FUSPCEU::FUSPCEU_S015::2024-11-27,FUSPCEU,FUSPCEU::FUSPCEU_S015,2024-11-27,4.333333333333333,4.333333333333333,10.588207732571496,-3.5624549299467354,40.4165,0.2328064196470283,FALSE,,,
FUSPCEU::FUSPCEU_S015::2024-11-28,FUSPCEU,FUSPCEU::FUSPCEU_S015,2024-11-28,2.8333333333333335,2.8333333333333335,10.566435426274936,-3.5842272362432954,40.4165,0.2328064196470283,FALSE,,,
FUSPCEU::FUSPCEU_S015::2024-11-29,FUSPCEU,FUSPCEU::FUSPCEU_S015,2024-11-29,1.3,1.3,10.545459147691727,-3.6052035148265045,40.4165,0.2328064196470283,FALSE,,,
FUSPCEU::FUSPCEU_S015::2024-11-30,FUSPCEU,FUSPCEU::FUSPCEU_S015,2024-11-30,1.75,1.75,10.525294639203283,-3.625368023314948,40.4165,0.2328064196470283,FALSE,,,
FUSPCEU::FUSPCEU_S015::2024-12-01,FUSPCEU,FUSPCEU::FUSPCEU_S015,2024-12-01,0.6,0.6,10.505957330796454,-3.6447053317217772,40.4165,0.2328064196470283,FALSE,,,
FUSPCEU::FUSPCEU_S016::2024-11-27,FUSPCEU,FUSPCEU::FUSPCEU_S016,2024-11-27,1.3666666666666667,1.3666666666666667,10.588207732571496,-3.5624549299467354,40.4165,0.2328064196470283,FALSE,,,
FUSPCEU::FUSPCEU_S016::2024-11-29,FUSPCEU,FUSPCEU::FUSPCEU_S016,2024-11-29,1.9666666666666666,1.9666666666666666,10.545459147691727,-3.6052035148265045,40.4165,0.2328064196470283,FALSE,,,
FUSPCEU::FUSPCEU_S016::2024-11-30,FUSPCEU,FUSPCEU::FUSPCEU_S016,2024-11-30,0.65,0.65,10.525294639203283,-3.625368023314948,40.4165,0.2328064196470283,FALSE,,,
FUSPCEU::FUSPCEU_S016::2024-12-01,FUSPCEU,FUSPCEU::FUSPCEU_S016,2024-12-01,0.26666666666666666,0.26666666666666666,10.505957330796454,-3.6447053317217772,40.4165,0.2328064196470283,FALSE,,,
FUSPCEU::FUSPCEU_S017::2024-12-03,FUSPCEU,FUSPCEU::FUSPCEU_S017,2024-12-03,2.6166666666666667,2.6166666666666667,10.469824230074883,-3.6808384324433483,40.4165,0.2328064196470283,FALSE,,,
FUSPCEU::FUSPCEU_S017::2024-12-04,FUSPCEU,FUSPCEU::FUSPCEU_S017,2024-12-04,1.6666666666666667,1.6666666666666667,10.453057371642855,-3.6976052908753765,40.4165,0.2328064196470283,FALSE,,,
FUSPCEU::FUSPCEU_S017::2024-12-05,FUSPCEU,FUSPCEU::FUSPCEU_S017,2024-12-05,2.216666666666667,2.216666666666667,10.437175499664413,-3.713487162853818,40.4165,0.2328064196470283,FALSE,,,
FUSPCEU::FUSPCEU_S017::2024-12-06,FUSPCEU,FUSPCEU::FUSPCEU_S017,2024-12-06,0.15,0.15,10.42219187537829,-3.7284707871399405,40.4165,0.2328064196470283,FALSE,,,
FUSPCEU::FUSPCEU_S017::2024-12-07,FUSPCEU,FUSPCEU::FUSPCEU_S017,2024-12-07,1.15,1.15,10.408119205898709,-3.742543456619522,40.4165,0.2328064196470283,FALSE,,,
FUSPCEU::FUSPCEU_S018::2024-12-11,FUSPCEU,FUSPCEU::FUSPCEU_S018,2024-12-11,0.48333333333333334,0.48333333333333334,10.361170710656378,-3.7894919518618533,40.4165,0.2328064196470283,FALSE,,,
FUSPCEU::FUSPCEU_S018::2024-12-12,FUSPCEU,FUSPCEU::FUSPCEU_S018,2024-12-12,0.21666666666666667,0.21666666666666667,10.351821409728792,-3.7988412527894386,40.4165,0.2328064196470283,FALSE,,,
FUSPCEU::FUSPCEU_S018::2024-12-13,FUSPCEU,FUSPCEU::FUSPCEU_S018,2024-12-13,0.7333333333333333,0.7333333333333333,10.343445607622465,-3.807217054895766,40.4165,0.2328064196470283,FALSE,,,
FUSPCEU::FUSPCEU_S018::2024-12-14,FUSPCEU,FUSPCEU::FUSPCEU_S018,2024-12-14,0.13333333333333333,0.13333333333333333,10.336051132281622,-3.8146115302366095,40.4165,0.2328064196470283,FALSE,,,
FUSPCEU::FUSPCEU_S019::2024-12-10,FUSPCEU,FUSPCEU::FUSPCEU_S019,2024-12-10,1.4,1.4,10.371484889454312,-3.7791777730639193,40.4165,0.2328064196470283,FALSE,,,
FUSPCEU::FUSPCEU_S019::2024-12-11,FUSPCEU,FUSPCEU::FUSPCEU_S019,2024-12-11,0.7333333333333333,0.7333333333333333,10.361170710656378,-3.7894919518618533,40.4165,0.2328064196470283,FALSE,,,
FUSPCEU::FUSPCEU_S019::2024-12-12,FUSPCEU,FUSPCEU::FUSPCEU_S019,2024-12-12,0,0,10.351821409728792,-3.7988412527894386,40.4165,0.2328064196470283,FALSE,,,
FUSPCEU::FUSPCEU_S019::2024-12-13,FUSPCEU,FUSPCEU::FUSPCEU_S019,2024-12-13,0.65,0.65,10.343445607622465,-3.807217054895766,40.4165,0.2328064196470283,FALSE,,,
FUSPCEU::FUSPCEU_S019::2024-12-14,FUSPCEU,FUSPCEU::FUSPCEU_S019,2024-12-14,0.6666666666666666,0.6666666666666666,10.336051132281622,-3.8146115302366095,40.4165,0.2328064196470283,FALSE,,,
FUSPCEU::FUSPCEU_S019::2024-12-15,FUSPCEU,FUSPCEU::FUSPCEU_S019,2024-12-15,1.2,1.2,10.329644992086623,-3.8210176704316083,40.4165,0.2328064196470283,FALSE,,,
FUSPCEU::FUSPCEU_S020::2025-01-21,FUSPCEU,FUSPCEU::FUSPCEU_S020,2025-01-21,2.5166666666666666,2.5166666666666666,10.77204123781787,-3.378621424700361,40.4165,0.2328064196470283,FALSE,,,
FUSPCEU::FUSPCEU_S020::2025-01-22,FUSPCEU,FUSPCEU::FUSPCEU_S020,2025-01-22,4.483333333333333,4.483333333333333,10.800073096619712,-3.3505895658985185,40.4165,0.2328064196470283,FALSE,,,
FUSPCEU::FUSPCEU_S020::2025-01-23,FUSPCEU,FUSPCEU::FUSPCEU_S020,2025-01-23,3.1333333333333333,3.1333333333333333,10.828762292199665,-3.3219003703185663,40.4165,0.2328064196470283,FALSE,,,
FUSPCEU::FUSPCEU_S020::2025-01-24,FUSPCEU,FUSPCEU::FUSPCEU_S020,2025-01-24,2.066666666666667,2.066666666666667,10.858091982603073,-3.2925706799151584,40.4165,0.2328064196470283,FALSE,,,
FUSPCEU::FUSPCEU_S020::2025-01-25,FUSPCEU,FUSPCEU::FUSPCEU_S020,2025-01-25,1.1833333333333333,1.1833333333333333,10.888045382764604,-3.262617279753627,40.4165,0.2328064196470283,FALSE,,,
FUSPCEU::FUSPCEU_S020::2025-01-26,FUSPCEU,FUSPCEU::FUSPCEU_S020,2025-01-26,0.25,0.25,10.91860579205884,-3.2320568704593917,40.4165,0.2328064196470283,FALSE,,,
FUSPCEU::FUSPCEU_S022::2025-01-28,FUSPCEU,FUSPCEU::FUSPCEU_S022,2025-01-28,1.9,1.9,10.981481417152617,-3.169181245365614,40.4165,0.2328064196470283,FALSE,,,
FUSPCEU::FUSPCEU_S022::2025-01-29,FUSPCEU,FUSPCEU::FUSPCEU_S022,2025-01-29,3.316666666666667,3.316666666666667,11.013763885233137,-3.1368987772850936,40.4165,0.2328064196470283,FALSE,,,
FUSPCEU::FUSPCEU_S022::2025-01-30,FUSPCEU,FUSPCEU::FUSPCEU_S022,2025-01-30,0.13333333333333333,0.13333333333333333,11.046587911711798,-3.104074750806433,40.4165,0.2328064196470283,FALSE,,,
FUSPCEU::FUSPCEU_S022::2025-01-31,FUSPCEU,FUSPCEU::FUSPCEU_S022,2025-01-31,3.2333333333333334,3.2333333333333334,11.079937583009402,-3.0707250795088292,40.4165,0.2328064196470283,FALSE,,,
FUSPCEU::FUSPCEU_S022::2025-02-01,FUSPCEU,FUSPCEU::FUSPCEU_S022,2025-02-01,1.2833333333333334,1.2833333333333334,11.113797203765975,-3.0368654587522563,40.4165,0.2328064196470283,FALSE,,,
FUSPCEU::FUSPCEU_S022::2025-02-02,FUSPCEU,FUSPCEU::FUSPCEU_S022,2025-02-02,0.3333333333333333,0.3333333333333333,11.148151313198937,-3.0025113493192936,40.4165,0.2328064196470283,FALSE,,,
FUSPCEU::FUSPCEU_S023::2025-01-28,FUSPCEU,FUSPCEU::FUSPCEU_S023,2025-01-28,2.15,2.15,10.981481417152617,-3.169181245365614,40.4165,0.2328064196470283,FALSE,,,
FUSPCEU::FUSPCEU_S023::2025-01-29,FUSPCEU,FUSPCEU::FUSPCEU_S023,2025-01-29,2.3833333333333333,2.3833333333333333,11.013763885233137,-3.1368987772850936,40.4165,0.2328064196470283,FALSE,,,
FUSPCEU::FUSPCEU_S023::2025-01-30,FUSPCEU,FUSPCEU::FUSPCEU_S023,2025-01-30,4.566666666666666,4.566666666666666,11.046587911711798,-3.104074750806433,40.4165,0.2328064196470283,FALSE,,,
FUSPCEU::FUSPCEU_S023::2025-01-31,FUSPCEU,FUSPCEU::FUSPCEU_S023,2025-01-31,2.3,2.3,11.079937583009402,-3.0707250795088292,40.4165,0.2328064196470283,FALSE,,,
FUSPCEU::FUSPCEU_S024::2025-02-04,FUSPCEU,FUSPCEU::FUSPCEU_S024,2025-02-04,3.316666666666667,3.316666666666667,11.218282416065534,-2.9323802464526967,40.4165,0.2328064196470283,FALSE,,,
FUSPCEU::FUSPCEU_S024::2025-02-05,FUSPCEU,FUSPCEU::FUSPCEU_S024,2025-02-05,4.45,4.45,11.254029786454307,-2.896632876063924,40.4165,0.2328064196470283,FALSE,,,
FUSPCEU::FUSPCEU_S024::2025-02-06,FUSPCEU,FUSPCEU::FUSPCEU_S024,2025-02-06,3.5833333333333335,3.5833333333333335,11.290212421417236,-2.8604502411009953,40.4165,0.2328064196470283,FALSE,,,
FUSPCEU::FUSPCEU_S024::2025-02-08,FUSPCEU,FUSPCEU::FUSPCEU_S024,2025-02-08,0.03333333333333333,0.03333333333333333,11.36382739689615,-2.7868352656220807,40.4165,0.2328064196470283,FALSE,,,
FUSPCEU::FUSPCEU_S024::2025-02-09,FUSPCEU,FUSPCEU::FUSPCEU_S024,2025-02-09,0.05,0.05,11.401232449942166,-2.7494302125760655,40.4165,0.2328064196470283,FALSE,,,
FUSPCEU::FUSPCEU_S025::2025-02-04,FUSPCEU,FUSPCEU::FUSPCEU_S025,2025-02-04,4.45,4.45,11.218282416065534,-2.9323802464526967,40.4165,0.2328064196470283,FALSE,,,
FUSPCEU::FUSPCEU_S025::2025-02-05,FUSPCEU,FUSPCEU::FUSPCEU_S025,2025-02-05,5.666666666666667,5.666666666666667,11.254029786454307,-2.896632876063924,40.4165,0.2328064196470283,FALSE,,,
FUSPCEU::FUSPCEU_S025::2025-02-06,FUSPCEU,FUSPCEU::FUSPCEU_S025,2025-02-06,4.016666666666667,4.016666666666667,11.290212421417236,-2.8604502411009953,40.4165,0.2328064196470283,FALSE,,,
IZTECH::IZTECH_S001::2024-12-24,IZTECH,IZTECH::IZTECH_S001,2024-12-24,0,0,10.489451321429677,-3.6612113410885545,38.32,0.023156419647028414,FALSE,,,
IZTECH::IZTECH_S001::2024-12-25,IZTECH,IZTECH::IZTECH_S001,2024-12-25,0.03333333333333333,0.03333333333333333,10.492750476797422,-3.657912185720809,38.32,0.023156419647028414,FALSE,,,
IZTECH::IZTECH_S001::2024-12-26,IZTECH,IZTECH::IZTECH_S001,2024-12-26,0,0,10.496976461079386,-3.6536862014388447,38.32,0.023156419647028414,FALSE,,,
IZTECH::IZTECH_S001::2024-12-27,IZTECH,IZTECH::IZTECH_S001,2024-12-27,1.75,1.75,10.50212588707606,-3.648536775442171,38.32,0.023156419647028414,FALSE,,,
IZTECH::IZTECH_S001::2024-12-28,IZTECH,IZTECH::IZTECH_S001,2024-12-28,1.6833333333333333,1.6833333333333333,10.50819456073973,-3.6424681017785012,38.32,0.023156419647028414,FALSE,,,
IZTECH::IZTECH_S001::2024-12-29,IZTECH,IZTECH::IZTECH_S001,2024-12-29,0.21666666666666667,0.21666666666666667,10.515177495413356,-3.635485167104875,38.32,0.023156419647028414,FALSE,,,
IZTECH::IZTECH_S001::2024-12-30,IZTECH,IZTECH::IZTECH_S001,2024-12-30,2.1333333333333333,2.1333333333333333,10.523068928983477,-3.627593733534754,38.32,0.023156419647028414,FALSE,,,
IZTECH::IZTECH_S002::2025-01-07,IZTECH,IZTECH::IZTECH_S002,2025-01-07,0.48333333333333334,0.48333333333333334,10.617976313961877,-3.5326863485563536,38.32,0.023156419647028414,FALSE,,,
IZTECH::IZTECH_S002::2025-01-08,IZTECH,IZTECH::IZTECH_S002,2025-01-08,0.8833333333333333,0.8833333333333333,10.63366825911734,-3.5169944034008918,38.32,0.023156419647028414,FALSE,,,
IZTECH::IZTECH_S002::2025-01-09,IZTECH,IZTECH::IZTECH_S002,2025-01-09,1.1,1.1,10.650173718598154,-3.500488943920077,38.32,0.023156419647028414,FALSE,,,
IZTECH::IZTECH_S002::2025-01-10,IZTECH,IZTECH::IZTECH_S002,2025-01-10,1.1833333333333333,1.1833333333333333,10.667480112777817,-3.4831825497404143,38.32,0.023156419647028414,FALSE,,,
IZTECH::IZTECH_S002::2025-01-11,IZTECH,IZTECH::IZTECH_S002,2025-01-11,0.8666666666666667,0.8666666666666667,10.685574437181154,-3.4650882253370767,38.32,0.023156419647028414,FALSE,,,
IZTECH::IZTECH_S002::2025-01-12,IZTECH,IZTECH::IZTECH_S002,2025-01-12,0.4,0.4,10.704443298247126,-3.446219364271105,38.32,0.023156419647028414,FALSE,,,
IZTECH::IZTECH_S003::2025-01-07,IZTECH,IZTECH::IZTECH_S003,2025-01-07,0.48333333333333334,0.48333333333333334,10.617976313961877,-3.5326863485563536,38.32,0.023156419647028414,FALSE,,,
IZTECH::IZTECH_S003::2025-01-08,IZTECH,IZTECH::IZTECH_S003,2025-01-08,0.5166666666666667,0.5166666666666667,10.63366825911734,-3.5169944034008918,38.32,0.023156419647028414,FALSE,,,
IZTECH::IZTECH_S003::2025-01-09,IZTECH,IZTECH::IZTECH_S003,2025-01-09,0.7333333333333333,0.7333333333333333,10.650173718598154,-3.500488943920077,38.32,0.023156419647028414,FALSE,,,
IZTECH::IZTECH_S003::2025-01-10,IZTECH,IZTECH::IZTECH_S003,2025-01-10,0.9666666666666667,0.9666666666666667,10.667480112777817,-3.4831825497404143,38.32,0.023156419647028414,FALSE,,,
IZTECH::IZTECH_S003::2025-01-11,IZTECH,IZTECH::IZTECH_S003,2025-01-11,0.05,0.05,10.685574437181154,-3.4650882253370767,38.32,0.023156419647028414,FALSE,,,
IZTECH::IZTECH_S003::2025-01-12,IZTECH,IZTECH::IZTECH_S003,2025-01-12,0.6666666666666666,0.6666666666666666,10.704443298247126,-3.446219364271105,38.32,0.023156419647028414,FALSE,,,
IZTECH::IZTECH_S004::2025-01-22,IZTECH,IZTECH::IZTECH_S004,2025-01-22,2.8833333333333333,2.8833333333333333,10.9325787850221,-3.218083877496131,38.32,0.023156419647028414,FALSE,,,
IZTECH::IZTECH_S004::2025-01-23,IZTECH,IZTECH::IZTECH_S004,2025-01-23,3.066666666666667,3.066666666666667,10.959008137186368,-3.191654525331863,38.32,0.023156419647028414,FALSE,,,
IZTECH::IZTECH_S004::2025-01-24,IZTECH,IZTECH::IZTECH_S004,2025-01-24,2.283333333333333,2.283333333333333,10.986033838391304,-3.164628824126927,38.32,0.023156419647028414,FALSE,,,
IZTECH::IZTECH_S004::2025-01-25,IZTECH,IZTECH::IZTECH_S004,2025-01-25,0.6666666666666666,0.6666666666666666,11.013640581170717,-3.1370220813475136,38.32,0.023156419647028414,FALSE,,,
IZTECH::IZTECH_S004::2025-01-26,IZTECH,IZTECH::IZTECH_S004,2025-01-26,2.2333333333333334,2.2333333333333334,11.0418131228288,-3.1088495396894302,38.32,0.023156419647028414,FALSE,,,
IZTECH::IZTECH_S005::2025-01-21,IZTECH,IZTECH::IZTECH_S005,2025-01-21,1.8,1.8,10.906761128637525,-3.243901533880706,38.32,0.023156419647028414,FALSE,,,
IZTECH::IZTECH_S005::2025-01-22,IZTECH,IZTECH::IZTECH_S005,2025-01-22,0.38333333333333336,0.38333333333333336,10.9325787850221,-3.218083877496131,38.32,0.023156419647028414,FALSE,,,
IZTECH::IZTECH_S005::2025-01-23,IZTECH,IZTECH::IZTECH_S005,2025-01-23,2.216666666666667,2.216666666666667,10.959008137186368,-3.191654525331863,38.32,0.023156419647028414,FALSE,,,
IZTECH::IZTECH_S005::2025-01-24,IZTECH,IZTECH::IZTECH_S005,2025-01-24,2.5166666666666666,2.5166666666666666,10.986033838391304,-3.164628824126927,38.32,0.023156419647028414,FALSE,,,
IZTECH::IZTECH_S005::2025-01-25,IZTECH,IZTECH::IZTECH_S005,2025-01-25,0.016666666666666666,0.016666666666666666,11.013640581170717,-3.1370220813475136,38.32,0.023156419647028414,FALSE,,,
IZTECH::IZTECH_S005::2025-01-26,IZTECH,IZTECH::IZTECH_S005,2025-01-26,2.1666666666666665,2.1666666666666665,11.0418131228288,-3.1088495396894302,38.32,0.023156419647028414,FALSE,,,
IZTECH::IZTECH_S006::2025-02-18,IZTECH,IZTECH::IZTECH_S006,2025-02-18,2.1333333333333333,2.1333333333333333,11.813367618785964,-2.337295043732267,38.32,0.023156419647028414,FALSE,,,
IZTECH::IZTECH_S006::2025-02-19,IZTECH,IZTECH::IZTECH_S006,2025-02-19,5.666666666666667,5.666666666666667,11.851021302806007,-2.299641359712224,38.32,0.023156419647028414,FALSE,,,
IZTECH::IZTECH_S006::2025-02-20,IZTECH,IZTECH::IZTECH_S006,2025-02-20,4.716666666666667,4.716666666666667,11.888926246033774,-2.2617364164844567,38.32,0.023156419647028414,FALSE,,,
IZTECH::IZTECH_S006::2025-02-21,IZTECH,IZTECH::IZTECH_S006,2025-02-21,0.85,0.85,11.927073288957278,-2.2235893735609533,38.32,0.023156419647028414,FALSE,,,
IZTECH::IZTECH_S006::2025-02-22,IZTECH,IZTECH::IZTECH_S006,2025-02-22,2.033333333333333,2.033333333333333,11.965453527503543,-2.185209135014688,38.32,0.023156419647028414,FALSE,,,
IZTECH::IZTECH_S006::2025-02-23,IZTECH,IZTECH::IZTECH_S006,2025-02-23,0.25,0.25,12.004058307475514,-2.146604355042717,38.32,0.023156419647028414,FALSE,,,
IZTECH::IZTECH_S007::2025-02-25,IZTECH,IZTECH::IZTECH_S007,2025-02-25,1.4166666666666667,1.4166666666666667,12.08190808110767,-2.068754581410561,38.32,0.023156419647028414,FALSE,,,
IZTECH::IZTECH_S007::2025-02-26,IZTECH,IZTECH::IZTECH_S007,2025-02-26,1.9333333333333333,1.9333333333333333,12.121136951049168,-2.029525711469063,38.32,0.023156419647028414,FALSE,,,
IZTECH::IZTECH_S007::2025-02-27,IZTECH,IZTECH::IZTECH_S007,2025-02-27,1.8166666666666667,1.8166666666666667,12.160558099481795,-1.9901045630364358,38.32,0.023156419647028414,FALSE,,,
IZTECH::IZTECH_S007::2025-02-28,IZTECH,IZTECH::IZTECH_S007,2025-02-28,1.55,1.55,12.200164010590978,-1.9504986519272531,38.32,0.023156419647028414,FALSE,,,
IZTECH::IZTECH_S007::2025-03-01,IZTECH,IZTECH::IZTECH_S007,2025-03-01,0.75,0.75,12.23994737168153,-1.9107152908367002,38.32,0.023156419647028414,FALSE,,,
IZTECH::IZTECH_S007::2025-03-02,IZTECH,IZTECH::IZTECH_S007,2025-03-02,0,0,12.279901064501868,-1.8707615980163634,38.32,0.023156419647028414,FALSE,,,
IZTECH::IZTECH_S008::2025-03-04,IZTECH,IZTECH::IZTECH_S008,2025-03-04,2.1166666666666667,2.1166666666666667,12.36029188712438,-1.7903707753938516,38.32,0.023156419647028414,FALSE,,,
IZTECH::IZTECH_S008::2025-03-05,IZTECH,IZTECH::IZTECH_S008,2025-03-05,1.4,1.4,12.400715667472946,-1.7499469950452848,38.32,0.023156419647028414,FALSE,,,
IZTECH::IZTECH_S008::2025-03-06,IZTECH,IZTECH::IZTECH_S008,2025-03-06,3.7333333333333334,3.7333333333333334,12.441283061040773,-1.7093796014774583,38.32,0.023156419647028414,FALSE,,,
IZTECH::IZTECH_S008::2025-03-07,IZTECH,IZTECH::IZTECH_S008,2025-03-07,1.25,1.25,12.481987778014608,-1.6686748845036234,38.32,0.023156419647028414,FALSE,,,
IZTECH::IZTECH_S008::2025-03-09,IZTECH,IZTECH::IZTECH_S008,2025-03-09,1.3,1.3,12.563784693280855,-1.586877969237376,38.32,0.023156419647028414,FALSE,,,
IZTECH::IZTECH_S009::2025-03-20,IZTECH,IZTECH::IZTECH_S009,2025-03-20,4.15,4.15,13.02098494960202,-1.1296777129162106,38.32,0.023156419647028414,FALSE,,,
IZTECH::IZTECH_S009::2025-03-21,IZTECH,IZTECH::IZTECH_S009,2025-03-21,0.3333333333333333,0.3333333333333333,13.063008562657568,-1.0876540998606625,38.32,0.023156419647028414,FALSE,,,
IZTECH::IZTECH_S009::2025-03-22,IZTECH,IZTECH::IZTECH_S009,2025-03-22,2.45,2.45,13.105085474186474,-1.045577188331757,38.32,0.023156419647028414,FALSE,,,
IZTECH::IZTECH_S009::2025-03-24,IZTECH,IZTECH::IZTECH_S009,2025-03-24,1.7333333333333334,1.7333333333333334,13.189377503262627,-0.9612851592556044,38.32,0.023156419647028414,FALSE,,,
IZTECH::IZTECH_S009::2025-03-25,IZTECH,IZTECH::IZTECH_S009,2025-03-25,0.25,0.25,13.23158166481389,-0.9190809977043415,38.32,0.023156419647028414,FALSE,,,
IZTECH::IZTECH_S009::2025-03-26,IZTECH,IZTECH::IZTECH_S009,2025-03-26,4.05,4.05,13.27381718940205,-0.8768454731161803,38.32,0.023156419647028414,FALSE,,,
IZTECH::IZTECH_S010::2025-04-15,IZTECH,IZTECH::IZTECH_S010,2025-04-15,2.216666666666667,2.216666666666667,14.115496115022236,-0.03516654749599546,38.32,0.023156419647028414,FALSE,,,
IZTECH::IZTECH_S010::2025-04-16,IZTECH,IZTECH::IZTECH_S010,2025-04-16,1.1,1.1,14.15687135650052,0.006208693982289404,38.32,0.023156419647028414,FALSE,,,
IZTECH::IZTECH_S010::2025-04-18,IZTECH,IZTECH::IZTECH_S010,2025-04-18,1.45,1.45,14.239221658243073,0.08855899572484205,38.32,0.023156419647028414,FALSE,,,
IZTECH::IZTECH_S010::2025-04-19,IZTECH,IZTECH::IZTECH_S010,2025-04-19,5.683333333333334,5.683333333333334,14.280176197157965,0.12951353463973447,38.32,0.023156419647028414,FALSE,,,
IZTECH::IZTECH_S010::2025-04-20,IZTECH,IZTECH::IZTECH_S010,2025-04-20,4.833333333333333,4.833333333333333,14.320969442592727,0.17030678007449573,38.32,0.023156419647028414,FALSE,,,
IZTECH::IZTECH_S011::2025-04-15,IZTECH,IZTECH::IZTECH_S011,2025-04-15,6.083333333333333,6.083333333333333,14.115496115022236,-0.03516654749599546,38.32,0.023156419647028414,FALSE,,,
IZTECH::IZTECH_S011::2025-04-16,IZTECH,IZTECH::IZTECH_S011,2025-04-16,4.916666666666667,4.916666666666667,14.15687135650052,0.006208693982289404,38.32,0.023156419647028414,FALSE,,,
IZTECH::IZTECH_S011::2025-04-17,IZTECH,IZTECH::IZTECH_S011,2025-04-17,7.4,7.4,14.198116571439638,0.04745390892140655,38.32,0.023156419647028414,FALSE,,,
IZTECH::IZTECH_S011::2025-04-18,IZTECH,IZTECH::IZTECH_S011,2025-04-18,5.016666666666667,5.016666666666667,14.239221658243073,0.08855899572484205,38.32,0.023156419647028414,FALSE,,,
IZTECH::IZTECH_S011::2025-04-19,IZTECH,IZTECH::IZTECH_S011,2025-04-19,2.4833333333333334,2.4833333333333334,14.280176197157965,0.12951353463973447,38.32,0.023156419647028414,FALSE,,,
IZTECH::IZTECH_S011::2025-04-20,IZTECH,IZTECH::IZTECH_S011,2025-04-20,1.4166666666666667,1.4166666666666667,14.320969442592727,0.17030678007449573,38.32,0.023156419647028414,FALSE,,,
IZTECH::IZTECH_S012::2025-04-24,IZTECH,IZTECH::IZTECH_S012,2025-04-24,1.7333333333333334,1.7333333333333334,14.482302793529298,0.33164013101106704,38.32,0.023156419647028414,FALSE,,,
IZTECH::IZTECH_S012::2025-04-25,IZTECH,IZTECH::IZTECH_S012,2025-04-25,5.183333333333334,5.183333333333334,14.522116519543859,0.37145385702562805,38.32,0.023156419647028414,FALSE,,,
IZTECH::IZTECH_S012::2025-04-26,IZTECH,IZTECH::IZTECH_S012,2025-04-26,0.5,0.5,14.561697279877134,0.41103461735890257,38.32,0.023156419647028414,FALSE,,,
IZTECH::IZTECH_S012::2025-04-27,IZTECH,IZTECH::IZTECH_S012,2025-04-27,1.5333333333333334,1.5333333333333334,14.60103188349141,0.45036922097317955,38.32,0.023156419647028414,FALSE,,,
IZTECH::IZTECH_S013::2025-04-22,IZTECH,IZTECH::IZTECH_S013,2025-04-22,3.716666666666667,3.716666666666667,14.402027399937312,0.25136473741908105,38.32,0.023156419647028414,FALSE,,,
IZTECH::IZTECH_S013::2025-04-23,IZTECH,IZTECH::IZTECH_S013,2025-04-23,0.7333333333333333,0.7333333333333333,14.442268930408689,0.29160626789045807,38.32,0.023156419647028414,FALSE,,,
IZTECH::IZTECH_S013::2025-04-24,IZTECH,IZTECH::IZTECH_S013,2025-04-24,0.1,0.1,14.482302793529298,0.33164013101106704,38.32,0.023156419647028414,FALSE,,,
IZTECH::IZTECH_S013::2025-04-25,IZTECH,IZTECH::IZTECH_S013,2025-04-25,1,1,14.522116519543859,0.37145385702562805,38.32,0.023156419647028414,FALSE,,,
IZTECH::IZTECH_S013::2025-04-26,IZTECH,IZTECH::IZTECH_S013,2025-04-26,0.15,0.15,14.561697279877134,0.41103461735890257,38.32,0.023156419647028414,FALSE,,,
IZTECH::IZTECH_S013::2025-04-27,IZTECH,IZTECH::IZTECH_S013,2025-04-27,0.016666666666666666,0.016666666666666666,14.60103188349141,0.45036922097317955,38.32,0.023156419647028414,FALSE,,,
IZTECH::IZTECH_S014::2025-04-29,IZTECH,IZTECH::IZTECH_S014,2025-04-29,2.783333333333333,2.783333333333333,14.678908035159111,0.52824537264088,38.32,0.023156419647028414,FALSE,,,
IZTECH::IZTECH_S014::2025-04-30,IZTECH,IZTECH::IZTECH_S014,2025-04-30,4.033333333333333,4.033333333333333,14.71742137697008,0.5667587144518489,38.32,0.023156419647028414,FALSE,,,
IZTECH::IZTECH_S014::2025-05-01,IZTECH,IZTECH::IZTECH_S014,2025-05-01,3.183333333333333,3.183333333333333,14.755632150570552,0.6049694880523209,38.32,0.023156419647028414,FALSE,,,
IZTECH::IZTECH_S014::2025-05-02,IZTECH,IZTECH::IZTECH_S014,2025-05-02,1.7666666666666666,1.7666666666666666,14.793525343338649,0.6428626808204179,38.32,0.023156419647028414,FALSE,,,
IZTECH::IZTECH_S014::2025-05-03,IZTECH,IZTECH::IZTECH_S014,2025-05-03,1.5333333333333334,1.5333333333333334,14.831085583964983,0.6804229214467519,38.32,0.023156419647028414,FALSE,,,
IZTECH::IZTECH_S014::2025-05-04,IZTECH,IZTECH::IZTECH_S014,2025-05-04,3.3333333333333335,3.3333333333333335,14.868297146558762,0.7176344840405307,38.32,0.023156419647028414,FALSE,,,
IZTECH::IZTECH_S015::2025-04-29,IZTECH,IZTECH::IZTECH_S015,2025-04-29,0.75,0.75,14.678908035159111,0.52824537264088,38.32,0.023156419647028414,FALSE,,,
IZTECH::IZTECH_S015::2025-04-30,IZTECH,IZTECH::IZTECH_S015,2025-04-30,0.13333333333333333,0.13333333333333333,14.71742137697008,0.5667587144518489,38.32,0.023156419647028414,FALSE,,,
IZTECH::IZTECH_S015::2025-05-01,IZTECH,IZTECH::IZTECH_S015,2025-05-01,0.2833333333333333,0.2833333333333333,14.755632150570552,0.6049694880523209,38.32,0.023156419647028414,FALSE,,,
IZTECH::IZTECH_S015::2025-05-02,IZTECH,IZTECH::IZTECH_S015,2025-05-02,0.03333333333333333,0.03333333333333333,14.793525343338649,0.6428626808204179,38.32,0.023156419647028414,FALSE,,,
IZTECH::IZTECH_S015::2025-05-03,IZTECH,IZTECH::IZTECH_S015,2025-05-03,0.6166666666666667,0.6166666666666667,14.831085583964983,0.6804229214467519,38.32,0.023156419647028414,FALSE,,,
IZTECH::IZTECH_S015::2025-05-04,IZTECH,IZTECH::IZTECH_S015,2025-05-04,1.5666666666666667,1.5666666666666667,14.868297146558762,0.7176344840405307,38.32,0.023156419647028414,FALSE,,,
IZTECH::IZTECH_S016::2025-05-06,IZTECH,IZTECH::IZTECH_S016,2025-05-06,1.1333333333333333,1.1333333333333333,14.941609600252576,0.7909469377343452,38.32,0.023156419647028414,FALSE,,,
IZTECH::IZTECH_S016::2025-05-07,IZTECH,IZTECH::IZTECH_S016,2025-05-07,0.2,0.2,14.97767732905017,0.8270146665319391,38.32,0.023156419647028414,FALSE,,,
IZTECH::IZTECH_S016::2025-05-08,IZTECH,IZTECH::IZTECH_S016,2025-05-08,0.21666666666666667,0.21666666666666667,15.013330074350039,0.8626674118318078,38.32,0.023156419647028414,FALSE,,,
IZTECH::IZTECH_S016::2025-05-09,IZTECH,IZTECH::IZTECH_S016,2025-05-09,1.7,1.7,15.048550457292134,0.8978877947739026,38.32,0.023156419647028414,FALSE,,,
IZTECH::IZTECH_S016::2025-05-10,IZTECH,IZTECH::IZTECH_S016,2025-05-10,1.6833333333333333,1.6833333333333333,15.083320802648862,0.9326581401306306,38.32,0.023156419647028414,FALSE,,,
IZTECH::IZTECH_S016::2025-05-11,IZTECH,IZTECH::IZTECH_S016,2025-05-11,0.15,0.15,15.117623154189852,0.966960491671621,38.32,0.023156419647028414,FALSE,,,
IZTECH::IZTECH_S017::2025-05-27,IZTECH,IZTECH::IZTECH_S017,2025-05-27,2.9833333333333334,2.9833333333333334,15.587403438157505,1.436740775639274,38.32,0.023156419647028414,FALSE,,,
IZTECH::IZTECH_S017::2025-05-28,IZTECH,IZTECH::IZTECH_S017,2025-05-28,2.566666666666667,2.566666666666667,15.610839857392842,1.4601771948746105,38.32,0.023156419647028414,FALSE,,,
IZTECH::IZTECH_S017::2025-05-29,IZTECH,IZTECH::IZTECH_S017,2025-05-29,2.566666666666667,2.566666666666667,15.633464889923731,1.4828022274055002,38.32,0.023156419647028414,FALSE,,,
IZTECH::IZTECH_S017::2025-05-30,IZTECH,IZTECH::IZTECH_S017,2025-05-30,3.683333333333333,3.683333333333333,15.65526044540935,1.5045977828911195,38.32,0.023156419647028414,FALSE,,,
IZTECH::IZTECH_S017::2025-05-31,IZTECH,IZTECH::IZTECH_S017,2025-05-31,3.2666666666666666,3.2666666666666666,15.676208808090951,1.5255461455727204,38.32,0.023156419647028414,FALSE,,,
IZTECH::IZTECH_S017::2025-06-01,IZTECH,IZTECH::IZTECH_S017,2025-06-01,0.26666666666666666,0.26666666666666666,15.696292682422532,1.5456300199043014,38.32,0.023156419647028414,FALSE,,,
KNUST::KNUST_S001::2024-10-08,KNUST,KNUST::KNUST_S001,2024-10-08,0.8,0.8,12.71061712841193,-1.4400455341063019,6.6750074282377385,-3.141342837529198,FALSE,,,
KNUST::KNUST_S001::2024-10-09,KNUST,KNUST::KNUST_S001,2024-10-09,0.8166666666666667,0.8166666666666667,12.705258833169937,-1.4454038293482938,6.6750074282377385,-3.141342837529198,FALSE,,,
KNUST::KNUST_S001::2024-10-11,KNUST,KNUST::KNUST_S001,2024-10-11,1,1,12.694696087572309,-1.455966574945922,6.6750074282377385,-3.141342837529198,FALSE,,,
KNUST::KNUST_S001::2024-10-12,KNUST,KNUST::KNUST_S001,2024-10-12,0.4,0.4,12.689493022296164,-1.4611696402220673,6.6750074282377385,-3.141342837529198,FALSE,,,
KNUST::KNUST_S001::2024-10-13,KNUST,KNUST::KNUST_S001,2024-10-13,0.06666666666666667,0.06666666666666667,12.684343072573343,-1.466319589944888,6.6750074282377385,-3.141342837529198,FALSE,,,
KNUST::KNUST_S002::2024-10-15,KNUST,KNUST::KNUST_S002,2024-10-15,0,0,12.674205210341347,-1.4764574521768843,6.6750074282377385,-3.141342837529198,FALSE,,,
KNUST::KNUST_S002::2024-10-16,KNUST,KNUST::KNUST_S002,2024-10-16,1.75,1.75,12.66921862827407,-1.481444034244161,6.6750074282377385,-3.141342837529198,FALSE,,,
KNUST::KNUST_S002::2024-10-17,KNUST,KNUST::KNUST_S002,2024-10-17,1.0833333333333333,1.0833333333333333,12.664287823637327,-1.486374838880904,6.6750074282377385,-3.141342837529198,FALSE,,,
KNUST::KNUST_S002::2024-10-18,KNUST,KNUST::KNUST_S002,2024-10-18,3.1666666666666665,3.1666666666666665,12.659413449234433,-1.4912492132837976,6.6750074282377385,-3.141342837529198,FALSE,,,
KNUST::KNUST_S002::2024-10-19,KNUST,KNUST::KNUST_S002,2024-10-19,1.9166666666666667,1.9166666666666667,12.654596153762606,-1.496066508755625,6.6750074282377385,-3.141342837529198,FALSE,,,
KNUST::KNUST_S002::2024-10-20,KNUST,KNUST::KNUST_S002,2024-10-20,0.7833333333333333,0.7833333333333333,12.64983658240901,-1.5008260801092206,6.6750074282377385,-3.141342837529198,FALSE,,,
KNUST::KNUST_S003::2024-10-22,KNUST,KNUST::KNUST_S003,2024-10-22,1.4666666666666666,1.4666666666666666,12.640493177175522,-1.5101694853427095,6.6750074282377385,-3.141342837529198,FALSE,,,
KNUST::KNUST_S003::2024-10-23,KNUST,KNUST::KNUST_S003,2024-10-23,1.7666666666666666,1.7666666666666666,12.63591061969598,-1.5147520428222503,6.6750074282377385,-3.141342837529198,FALSE,,,
KNUST::KNUST_S003::2024-10-24,KNUST,KNUST::KNUST_S003,2024-10-24,0.31666666666666665,0.31666666666666665,12.6313883396652,-1.5192743228530308,6.6750074282377385,-3.141342837529198,FALSE,,,
KNUST::KNUST_S003::2024-10-25,KNUST,KNUST::KNUST_S003,2024-10-25,1.75,1.75,12.626926970415646,-1.5237356921025853,6.6750074282377385,-3.141342837529198,FALSE,,,
KNUST::KNUST_S003::2024-10-26,KNUST,KNUST::KNUST_S003,2024-10-26,0.7166666666666667,0.7166666666666667,12.622527143955232,-1.5281355185629995,6.6750074282377385,-3.141342837529198,FALSE,,,
KNUST::KNUST_S003::2024-10-27,KNUST,KNUST::KNUST_S003,2024-10-27,0.45,0.45,12.618189491497146,-1.5324731710210848,6.6750074282377385,-3.141342837529198,FALSE,,,
KNUST::KNUST_S004::2024-10-30,KNUST,KNUST::KNUST_S004,2024-10-30,4.2,4.2,12.605555876758363,-1.5451067857598684,6.6750074282377385,-3.141342837529198,FALSE,,,
KNUST::KNUST_S004::2024-11-01,KNUST,KNUST::KNUST_S004,2024-11-01,2.65,2.65,12.597455877727933,-1.553206784790298,6.6750074282377385,-3.141342837529198,FALSE,,,
KNUST::KNUST_S004::2024-11-02,KNUST,KNUST::KNUST_S004,2024-11-02,6.583333333333333,6.583333333333333,12.593504488004578,-1.5571581745136527,6.6750074282377385,-3.141342837529198,FALSE,,,
KNUST::KNUST_S005::2024-11-07,KNUST,KNUST::KNUST_S005,2024-11-07,1.15,1.15,12.57475878742006,-1.5759038750981702,6.6750074282377385,-3.141342837529198,FALSE,,,
KNUST::KNUST_S005::2024-11-08,KNUST,KNUST::KNUST_S005,2024-11-08,0,0,12.571216297215885,-1.5794463653023456,6.6750074282377385,-3.141342837529198,FALSE,,,
KNUST::KNUST_S005::2024-11-09,KNUST,KNUST::KNUST_S005,2024-11-09,0.4166666666666667,0.4166666666666667,12.56774415632089,-1.5829185061973412,6.6750074282377385,-3.141342837529198,FALSE,,,
KNUST::KNUST_S006::2024-11-12,KNUST,KNUST::KNUST_S006,2024-11-12,3.35,3.35,12.557756095329921,-1.5929065671883098,6.6750074282377385,-3.141342837529198,FALSE,,,
KNUST::KNUST_S006::2024-11-13,KNUST,KNUST::KNUST_S006,2024-11-13,0.03333333333333333,0.03333333333333333,12.55457161227862,-1.596091050239611,6.6750074282377385,-3.141342837529198,FALSE,,,
KNUST::KNUST_S006::2024-11-14,KNUST,KNUST::KNUST_S006,2024-11-14,0.75,0.75,12.55146060248216,-1.5992020600360703,6.6750074282377385,-3.141342837529198,FALSE,,,
KNUST::KNUST_S006::2024-11-15,KNUST,KNUST::KNUST_S006,2024-11-15,0.7333333333333333,0.7333333333333333,12.548423685232798,-1.6022389772854329,6.6750074282377385,-3.141342837529198,FALSE,,,
KNUST::KNUST_S006::2024-11-16,KNUST,KNUST::KNUST_S006,2024-11-16,1.05,1.05,12.545461477438609,-1.605201185079622,6.6750074282377385,-3.141342837529198,FALSE,,,
KNUST::KNUST_S006::2024-11-17,KNUST,KNUST::KNUST_S006,2024-11-17,1.2333333333333334,1.2333333333333334,12.542574592497614,-1.6080880700206173,6.6750074282377385,-3.141342837529198,FALSE,,,
KNUST::KNUST_S007::2024-11-19,KNUST,KNUST::KNUST_S007,2024-11-19,0.4,0.4,12.53702922715081,-1.6136334353674204,6.6750074282377385,-3.141342837529198,FALSE,,,
KNUST::KNUST_S007::2024-11-20,KNUST,KNUST::KNUST_S007,2024-11-20,1.0166666666666666,1.0166666666666666,12.534371952944332,-1.6162907095738994,6.6750074282377385,-3.141342837529198,FALSE,,,
KNUST::KNUST_S007::2024-11-21,KNUST,KNUST::KNUST_S007,2024-11-21,4.233333333333333,4.233333333333333,12.531792413393656,-1.6188702491245746,6.6750074282377385,-3.141342837529198,FALSE,,,
KNUST::KNUST_S007::2024-11-22,KNUST,KNUST::KNUST_S007,2024-11-22,4.283333333333333,4.283333333333333,12.529291197525131,-1.6213714649931,6.6750074282377385,-3.141342837529198,FALSE,,,
KNUST::KNUST_S008::2024-11-27,KNUST,KNUST::KNUST_S008,2024-11-27,1.5333333333333334,1.5333333333333334,12.517980072233412,-1.6326825902848192,6.6750074282377385,-3.141342837529198,FALSE,,,
KNUST::KNUST_S008::2024-11-28,KNUST,KNUST::KNUST_S008,2024-11-28,0.7,0.7,12.515960734354126,-1.6347019281641053,6.6750074282377385,-3.141342837529198,FALSE,,,
KNUST::KNUST_S008::2024-11-29,KNUST,KNUST::KNUST_S008,2024-11-29,1.5833333333333333,1.5833333333333333,12.514023609823651,-1.63663905269458,6.6750074282377385,-3.141342837529198,FALSE,,,
KNUST::KNUST_S008::2024-11-30,KNUST,KNUST::KNUST_S008,2024-11-30,0.9166666666666666,0.9166666666666666,12.512169211175706,-1.6384934513425247,6.6750074282377385,-3.141342837529198,FALSE,,,
KNUST::KNUST_S008::2024-12-01,KNUST,KNUST::KNUST_S008,2024-12-01,2.15,2.15,12.510398037830988,-1.6402646246872425,6.6750074282377385,-3.141342837529198,FALSE,,,
KNUST::KNUST_S009::2024-12-03,KNUST,KNUST::KNUST_S009,2024-12-03,1.0666666666666667,1.0666666666666667,12.507107292148802,-1.6435553703694286,6.6750074282377385,-3.141342837529198,FALSE,,,
KNUST::KNUST_S009::2024-12-04,KNUST,KNUST::KNUST_S009,2024-12-04,2.6666666666666665,2.6666666666666665,12.505588644080692,-1.6450740184375388,6.6750074282377385,-3.141342837529198,FALSE,,,
KNUST::KNUST_S009::2024-12-05,KNUST,KNUST::KNUST_S009,2024-12-05,5.766666666666667,5.766666666666667,12.50415506793393,-1.6465075945843015,6.6750074282377385,-3.141342837529198,FALSE,,,
KNUST::KNUST_S009::2024-12-06,KNUST,KNUST::KNUST_S009,2024-12-06,1.8,1.8,12.50280698345767,-1.6478556790605605,6.6750074282377385,-3.141342837529198,FALSE,,,
KNUST::KNUST_S009::2024-12-07,KNUST,KNUST::KNUST_S009,2024-12-07,0.2833333333333333,0.2833333333333333,12.501544791857402,-1.6491178706608292,6.6750074282377385,-3.141342837529198,FALSE,,,
KNUST::KNUST_S009::2024-12-08,KNUST,KNUST::KNUST_S009,2024-12-08,1.4,1.4,12.500368875066439,-1.6502937874517922,6.6750074282377385,-3.141342837529198,FALSE,,,
KNUST::KNUST_S010::2024-12-10,KNUST,KNUST::KNUST_S010,2024-12-10,0.21666666666666667,0.21666666666666667,12.498277292450268,-1.6523853700679627,6.6750074282377385,-3.141342837529198,FALSE,,,
KNUST::KNUST_S010::2024-12-11,KNUST,KNUST::KNUST_S010,2024-12-11,0.43333333333333335,0.43333333333333335,12.49736228691207,-1.653300375606161,6.6750074282377385,-3.141342837529198,FALSE,,,
KNUST::KNUST_S010::2024-12-12,KNUST,KNUST::KNUST_S010,2024-12-12,2.1,2.1,12.496534875300195,-1.6541277872180356,6.6750074282377385,-3.141342837529198,FALSE,,,
KNUST::KNUST_S010::2024-12-13,KNUST,KNUST::KNUST_S010,2024-12-13,0.8,0.8,12.495795331663556,-1.6548673308546746,6.6750074282377385,-3.141342837529198,FALSE,,,
KNUST::KNUST_S010::2024-12-14,KNUST,KNUST::KNUST_S010,2024-12-14,0.8666666666666667,0.8666666666666667,12.495143906407886,-1.6555187561103448,6.6750074282377385,-3.141342837529198,FALSE,,,
KNUST::KNUST_S010::2024-12-15,KNUST,KNUST::KNUST_S010,2024-12-15,0.6666666666666666,0.6666666666666666,12.494580825832156,-1.6560818366860754,6.6750074282377385,-3.141342837529198,FALSE,,,
KNUST::KNUST_S011::2024-12-17,KNUST,KNUST::KNUST_S011,2024-12-17,5.616666666666666,5.616666666666666,12.493720479806264,-1.6569421827119672,6.6750074282377385,-3.141342837529198,FALSE,,,
KNUST::KNUST_S011::2024-12-18,KNUST,KNUST::KNUST_S011,2024-12-18,4.2,4.2,12.493423541718059,-1.6572391208001722,6.6750074282377385,-3.141342837529198,FALSE,,,
KNUST::KNUST_S011::2024-12-19,KNUST,KNUST::KNUST_S011,2024-12-19,1.85,1.85,12.493215602106519,-1.6574470604117124,6.6750074282377385,-3.141342837529198,FALSE,,,
KNUST::KNUST_S011::2024-12-20,KNUST,KNUST::KNUST_S011,2024-12-20,1.6166666666666667,1.6166666666666667,12.49309675971667,-1.6575659028015615,6.6750074282377385,-3.141342837529198,FALSE,,,
KNUST::KNUST_S011::2024-12-21,KNUST,KNUST::KNUST_S011,2024-12-21,0,0,12.493067087067498,-1.657595575450733,6.6750074282377385,-3.141342837529198,FALSE,,,
KNUST::KNUST_S011::2024-12-22,KNUST,KNUST::KNUST_S011,2024-12-22,0,0,12.493126629855897,-1.6575360326623336,6.6750074282377385,-3.141342837529198,FALSE,,,
KNUST::KNUST_S012::2025-01-07,KNUST,KNUST::KNUST_S012,2025-01-07,0.7666666666666667,0.7666666666666667,12.50614821129375,-1.644514451224481,6.6750074282377385,-3.141342837529198,FALSE,,,
KNUST::KNUST_S012::2025-01-08,KNUST,KNUST::KNUST_S012,2025-01-08,3.316666666666667,3.316666666666667,12.507706261078516,-1.642956401439715,6.6750074282377385,-3.141342837529198,FALSE,,,
KNUST::KNUST_S012::2025-01-09,KNUST,KNUST::KNUST_S012,2025-01-09,0.11666666666666667,0.11666666666666667,12.509350015123685,-1.641312647394546,6.6750074282377385,-3.141342837529198,FALSE,,,
KNUST::KNUST_S012::2025-01-10,KNUST,KNUST::KNUST_S012,2025-01-10,2.7,2.7,12.51107906738917,-1.6395835951290607,6.6750074282377385,-3.141342837529198,FALSE,,,
KNUST::KNUST_S012::2025-01-11,KNUST,KNUST::KNUST_S012,2025-01-11,2.1166666666666667,2.1166666666666667,12.512892994681994,-1.6377696678362366,6.6750074282377385,-3.141342837529198,FALSE,,,
KNUST::KNUST_S012::2025-01-12,KNUST,KNUST::KNUST_S012,2025-01-12,6.25,6.25,12.51479135685497,-1.6358713056632617,6.6750074282377385,-3.141342837529198,FALSE,,,
KNUST::KNUST_S013::2025-01-14,KNUST,KNUST::KNUST_S013,2025-01-14,2.1166666666666667,2.1166666666666667,12.518839546640715,-1.6318231158775163,6.6750074282377385,-3.141342837529198,FALSE,,,
KNUST::KNUST_S013::2025-01-15,KNUST,KNUST::KNUST_S013,2025-01-15,2.716666666666667,2.716666666666667,12.520988418327438,-1.6296742441907934,6.6750074282377385,-3.141342837529198,FALSE,,,
KNUST::KNUST_S013::2025-01-16,KNUST,KNUST::KNUST_S013,2025-01-16,1.3833333333333333,1.3833333333333333,12.523219814168081,-1.6274428483501495,6.6750074282377385,-3.141342837529198,FALSE,,,
KNUST::KNUST_S013::2025-01-17,KNUST,KNUST::KNUST_S013,2025-01-17,3.95,3.95,12.525533223284615,-1.625129439233616,6.6750074282377385,-3.141342837529198,FALSE,,,
KNUST::KNUST_S014::2025-01-21,KNUST,KNUST::KNUST_S014,2025-01-21,1.0833333333333333,1.0833333333333333,12.535596380896038,-1.6150662816221928,6.6750074282377385,-3.141342837529198,FALSE,,,
KNUST::KNUST_S014::2025-01-22,KNUST,KNUST::KNUST_S014,2025-01-22,1.3333333333333333,1.3333333333333333,12.53831181022856,-1.612350852289671,6.6750074282377385,-3.141342837529198,FALSE,,,
KNUST::KNUST_S014::2025-01-23,KNUST,KNUST::KNUST_S014,2025-01-23,1.55,1.55,12.541105968819725,-1.6095566936985062,6.6750074282377385,-3.141342837529198,FALSE,,,
KNUST::KNUST_S014::2025-01-24,KNUST,KNUST::KNUST_S014,2025-01-24,0.3,0.3,12.54397827969657,-1.6066843828216602,6.6750074282377385,-3.141342837529198,FALSE,,,
KNUST::KNUST_S014::2025-01-25,KNUST,KNUST::KNUST_S014,2025-01-25,0.8166666666666667,0.8166666666666667,12.546928159528308,-1.6037345029899228,6.6750074282377385,-3.141342837529198,FALSE,,,
KNUST::KNUST_S014::2025-01-26,KNUST,KNUST::KNUST_S014,2025-01-26,0.5666666666666667,0.5666666666666667,12.549955018825,-1.6007076436932302,6.6750074282377385,-3.141342837529198,FALSE,,,
KNUST::KNUST_S015::2025-01-28,KNUST,KNUST::KNUST_S015,2025-01-28,2.433333333333333,2.433333333333333,12.556237291826141,-1.5944253706920897,6.6750074282377385,-3.141342837529198,FALSE,,,
KNUST::KNUST_S015::2025-01-29,KNUST,KNUST::KNUST_S015,2025-01-29,3.8666666666666667,3.8666666666666667,12.55949150145054,-1.5911711610676917,6.6750074282377385,-3.141342837529198,FALSE,,,
KNUST::KNUST_S015::2025-01-30,KNUST,KNUST::KNUST_S015,2025-01-30,1.55,1.55,12.562820283836789,-1.587842378681442,6.6750074282377385,-3.141342837529198,FALSE,,,
KNUST::KNUST_S015::2025-01-31,KNUST,KNUST::KNUST_S015,2025-01-31,3.816666666666667,3.816666666666667,12.56622302737501,-1.5844396351432213,6.6750074282377385,-3.141342837529198,FALSE,,,
KNUST::KNUST_S015::2025-02-01,KNUST,KNUST::KNUST_S015,2025-02-01,2.7,2.7,12.569699117210176,-1.5809635453080553,6.6750074282377385,-3.141342837529198,FALSE,,,
RISE::RISE_S001::2025-03-04,RISE,RISE::RISE_S001,2025-03-04,3.3666666666666667,3.3666666666666667,12.179657288326158,-1.9710053741920728,57.715675,1.9627239196470283,FALSE,,,
RISE::RISE_S001::2025-03-05,RISE,RISE::RISE_S001,2025-03-05,0.9333333333333333,0.9333333333333333,12.261009983155462,-1.8896526793627686,57.715675,1.9627239196470283,FALSE,,,
RISE::RISE_S001::2025-03-06,RISE,RISE::RISE_S001,2025-03-06,3.1,3.1,12.34262978831927,-1.808032874198961,57.715675,1.9627239196470283,FALSE,,,
RISE::RISE_S001::2025-03-07,RISE,RISE::RISE_S001,2025-03-07,4.383333333333334,4.383333333333334,12.424510966539383,-1.7261516959788477,57.715675,1.9627239196470283,FALSE,,,
RISE::RISE_S001::2025-03-08,RISE,RISE::RISE_S001,2025-03-08,2.5166666666666666,2.5166666666666666,12.506648212075234,-1.644014450442997,57.715675,1.9627239196470283,FALSE,,,
RISE::RISE_S001::2025-03-09,RISE,RISE::RISE_S001,2025-03-09,4.083333333333333,4.083333333333333,12.58903662721316,-1.5616260353050713,57.715675,1.9627239196470283,FALSE,,,
RISE::RISE_S002::2025-03-18,RISE,RISE::RISE_S002,2025-03-18,5.45,5.45,13.341199753284455,-0.8094629092337762,57.715675,1.9627239196470283,FALSE,,,
RISE::RISE_S002::2025-03-19,RISE,RISE::RISE_S002,2025-03-19,3.4,3.4,13.42590415040652,-0.7247585121117108,57.715675,1.9627239196470283,FALSE,,,
RISE::RISE_S002::2025-03-20,RISE,RISE::RISE_S002,2025-03-20,5.75,5.75,13.510826363431082,-0.6398362990871487,57.715675,1.9627239196470283,FALSE,,,
RISE::RISE_S002::2025-03-21,RISE,RISE::RISE_S002,2025-03-21,2.7666666666666666,2.7666666666666666,13.595964657399389,-0.5546980051188424,57.715675,1.9627239196470283,FALSE,,,
RISE::RISE_S002::2025-03-22,RISE,RISE::RISE_S002,2025-03-22,2.2333333333333334,2.2333333333333334,13.68131742046939,-0.4693452420488402,57.715675,1.9627239196470283,FALSE,,,
RISE::RISE_S002::2025-03-23,RISE,RISE::RISE_S002,2025-03-23,1.4833333333333334,1.4833333333333334,13.766883142524295,-0.38377951999393645,57.715675,1.9627239196470283,FALSE,,,
RISE::RISE_S003::2025-03-18,RISE,RISE::RISE_S003,2025-03-18,4.016666666666667,4.016666666666667,13.341199753284455,-0.8094629092337762,57.715675,1.9627239196470283,FALSE,,,
RISE::RISE_S003::2025-03-19,RISE,RISE::RISE_S003,2025-03-19,1.95,1.95,13.42590415040652,-0.7247585121117108,57.715675,1.9627239196470283,FALSE,,,
RISE::RISE_S003::2025-03-20,RISE,RISE::RISE_S003,2025-03-20,3.1,3.1,13.510826363431082,-0.6398362990871487,57.715675,1.9627239196470283,FALSE,,,
RISE::RISE_S003::2025-03-21,RISE,RISE::RISE_S003,2025-03-21,3.9,3.9,13.595964657399389,-0.5546980051188424,57.715675,1.9627239196470283,FALSE,,,
RISE::RISE_S003::2025-03-22,RISE,RISE::RISE_S003,2025-03-22,3.1166666666666667,3.1166666666666667,13.68131742046939,-0.4693452420488402,57.715675,1.9627239196470283,FALSE,,,
RISE::RISE_S003::2025-03-23,RISE,RISE::RISE_S003,2025-03-23,0.3,0.3,13.766883142524295,-0.38377951999393645,57.715675,1.9627239196470283,FALSE,,,
RISE::RISE_S004::2025-03-25,RISE,RISE::RISE_S004,2025-03-25,2.9166666666666665,2.9166666666666665,13.938647803200615,-0.2120148593176161,57.715675,1.9627239196470283,FALSE,,,
RISE::RISE_S004::2025-03-26,RISE,RISE::RISE_S004,2025-03-26,8.466666666666667,8.466666666666667,14.024844036764568,-0.12581862575366287,57.715675,1.9627239196470283,FALSE,,,
RISE::RISE_S004::2025-03-27,RISE,RISE::RISE_S004,2025-03-27,1.1666666666666667,1.1666666666666667,14.111247775289748,-0.03941488722848341,57.715675,1.9627239196470283,FALSE,,,
RISE::RISE_S004::2025-03-28,RISE,RISE::RISE_S004,2025-03-28,2.0166666666666666,2.0166666666666666,14.19785769297017,0.04719503045193818,57.715675,1.9627239196470283,FALSE,,,
RISE::RISE_S004::2025-03-29,RISE,RISE::RISE_S004,2025-03-29,6.25,6.25,14.284672434462442,0.1340097719442106,57.715675,1.9627239196470283,FALSE,,,
RISE::RISE_S004::2025-03-30,RISE,RISE::RISE_S004,2025-03-30,1.2666666666666666,1.2666666666666666,14.371690592434671,0.22102792991644016,57.715675,1.9627239196470283,FALSE,,,
RISE::RISE_S005::2025-04-01,RISE,RISE::RISE_S005,2025-04-01,3.933333333333333,3.933333333333333,14.54633112874296,0.39566846622472873,57.715675,1.9627239196470283,FALSE,,,
RISE::RISE_S005::2025-04-02,RISE,RISE::RISE_S005,2025-04-02,3.8833333333333333,3.8833333333333333,14.633950222267044,0.4832875597488133,57.715675,1.9627239196470283,FALSE,,,
RISE::RISE_S005::2025-04-03,RISE,RISE::RISE_S005,2025-04-03,5.083333333333333,5.083333333333333,14.721766114168696,0.5711034516504654,57.715675,1.9627239196470283,FALSE,,,
RISE::RISE_S005::2025-04-04,RISE,RISE::RISE_S005,2025-04-04,2.6333333333333333,2.6333333333333333,14.809776781466272,0.6591141189480414,57.715675,1.9627239196470283,FALSE,,,
RISE::RISE_S005::2025-04-05,RISE,RISE::RISE_S005,2025-04-05,3.783333333333333,3.783333333333333,14.897980003555615,0.7473173410373839,57.715675,1.9627239196470283,FALSE,,,
RISE::RISE_S005::2025-04-06,RISE,RISE::RISE_S005,2025-04-06,2.9,2.9,14.986373335785336,0.8357106732671049,57.715675,1.9627239196470283,FALSE,,,
RISE::RISE_S006::2025-04-15,RISE,RISE::RISE_S006,2025-04-15,3.7,3.7,15.78991743306319,1.6392547705449587,57.715675,1.9627239196470283,FALSE,,,
RISE::RISE_S006::2025-04-16,RISE,RISE::RISE_S006,2025-04-16,1.8333333333333333,1.8333333333333333,15.880007472435633,1.7293448099174018,57.715675,1.9627239196470283,FALSE,,,
RISE::RISE_S006::2025-04-17,RISE,RISE::RISE_S006,2025-04-17,4.616666666666666,4.616666666666666,15.970237473911709,1.819574811393478,57.715675,1.9627239196470283,FALSE,,,
RISE::RISE_S006::2025-04-18,RISE,RISE::RISE_S006,2025-04-18,5.016666666666667,5.016666666666667,16.060599889622793,1.909937227104562,57.715675,1.9627239196470283,FALSE,,,
RISE::RISE_S006::2025-04-19,RISE,RISE::RISE_S006,2025-04-19,0.35,0.35,16.15108650598261,2.0004238434643806,57.715675,1.9627239196470283,FALSE,,,
RISE::RISE_S006::2025-04-20,RISE,RISE::RISE_S006,2025-04-20,1.7,1.7,16.241688398917518,2.0910257363992866,57.715675,1.9627239196470283,FALSE,,,
RISE::RISE_S007::2025-04-15,RISE,RISE::RISE_S007,2025-04-15,10.583333333333334,10.583333333333334,15.78991743306319,1.6392547705449587,57.715675,1.9627239196470283,FALSE,,,
RISE::RISE_S007::2025-04-16,RISE,RISE::RISE_S007,2025-04-16,7.966666666666667,7.966666666666667,15.880007472435633,1.7293448099174018,57.715675,1.9627239196470283,FALSE,,,
RISE::RISE_S007::2025-04-17,RISE,RISE::RISE_S007,2025-04-17,6.666666666666667,6.666666666666667,15.970237473911709,1.819574811393478,57.715675,1.9627239196470283,FALSE,,,
RISE::RISE_S007::2025-04-18,RISE,RISE::RISE_S007,2025-04-18,6.233333333333333,6.233333333333333,16.060599889622793,1.909937227104562,57.715675,1.9627239196470283,FALSE,,,
RISE::RISE_S007::2025-04-19,RISE,RISE::RISE_S007,2025-04-19,3.7333333333333334,3.7333333333333334,16.15108650598261,2.0004238434643806,57.715675,1.9627239196470283,FALSE,,,
RISE::RISE_S007::2025-04-20,RISE,RISE::RISE_S007,2025-04-20,3.933333333333333,3.933333333333333,16.241688398917518,2.0910257363992866,57.715675,1.9627239196470283,FALSE,,,
RISE::RISE_S008::2025-04-29,RISE,RISE::RISE_S008,2025-04-29,7.216666666666667,7.216666666666667,17.06040390630563,2.9097412437873995,57.715675,1.9627239196470283,FALSE,,,
RISE::RISE_S008::2025-05-02,RISE,RISE::RISE_S008,2025-05-02,6.216666666666667,6.216666666666667,17.33345867547724,3.182796012959008,57.715675,1.9627239196470283,FALSE,,,
RISE::RISE_S008::2025-05-03,RISE,RISE::RISE_S008,2025-05-03,5.666666666666667,5.666666666666667,17.424326815075343,3.273664152557112,57.715675,1.9627239196470283,FALSE,,,
RISE::RISE_S008::2025-05-04,RISE,RISE::RISE_S008,2025-05-04,6.85,6.85,17.515079435838594,3.3644167733203627,57.715675,1.9627239196470283,FALSE,,,
RISE::RISE_S009::2025-05-27,RISE,RISE::RISE_S009,2025-05-27,2.6,2.6,19.47890533533361,5.32824267281538,57.715675,1.9627239196470283,FALSE,,,
RISE::RISE_S009::2025-05-28,RISE,RISE::RISE_S009,2025-05-28,2.3666666666666667,2.3666666666666667,19.55297898358769,5.402316321069458,57.715675,1.9627239196470283,FALSE,,,
RISE::RISE_S009::2025-05-29,RISE,RISE::RISE_S009,2025-05-29,6.683333333333334,6.683333333333334,19.625408908989694,5.474746246471463,57.715675,1.9627239196470283,FALSE,,,
RISE::RISE_S009::2025-05-30,RISE,RISE::RISE_S009,2025-05-30,3.7666666666666666,3.7666666666666666,19.696082001328467,5.545419338810236,57.715675,1.9627239196470283,FALSE,,,
RISE::RISE_S009::2025-05-31,RISE,RISE::RISE_S009,2025-05-31,4.75,4.75,19.76488055811988,5.61421789560165,57.715675,1.9627239196470283,FALSE,,,
RISE::RISE_S009::2025-06-01,RISE,RISE::RISE_S009,2025-06-01,2.2333333333333334,2.2333333333333334,19.831682472030323,5.681019809512092,57.715675,1.9627239196470283,FALSE,,,
RISE::RISE_S010::2025-06-10,RISE,RISE::RISE_S010,2025-06-10,4.316666666666666,4.316666666666666,20.321251919137108,6.170589256618877,57.715675,1.9627239196470283,FALSE,,,
RISE::RISE_S010::2025-06-11,RISE,RISE::RISE_S010,2025-06-11,6.6,6.6,20.360735110441844,6.210072447923613,57.715675,1.9627239196470283,FALSE,,,
RISE::RISE_S010::2025-06-12,RISE,RISE::RISE_S010,2025-06-12,8.45,8.45,20.396744766698944,6.246082104180713,57.715675,1.9627239196470283,FALSE,,,
RISE::RISE_S010::2025-06-13,RISE,RISE::RISE_S010,2025-06-13,0.6833333333333333,0.6833333333333333,20.429159809152285,6.278497146634054,57.715675,1.9627239196470283,FALSE,,,
RISE::RISE_S010::2025-06-14,RISE,RISE::RISE_S010,2025-06-14,4.616666666666666,4.616666666666666,20.457867281238237,6.3072046187200055,57.715675,1.9627239196470283,FALSE,,,
RISE::RISE_S012::2025-06-12,RISE,RISE::RISE_S012,2025-06-12,7.283333333333333,7.283333333333333,20.396744766698944,6.246082104180713,57.715675,1.9627239196470283,FALSE,,,
RISE::RISE_S012::2025-06-13,RISE,RISE::RISE_S012,2025-06-13,8.25,8.25,20.429159809152285,6.278497146634054,57.715675,1.9627239196470283,FALSE,,,
RISE::RISE_S012::2025-06-14,RISE,RISE::RISE_S012,2025-06-14,8.283333333333333,8.283333333333333,20.457867281238237,6.3072046187200055,57.715675,1.9627239196470283,FALSE,,,
RISE::RISE_S012::2025-06-15,RISE,RISE::RISE_S012,2025-06-15,4.4,4.4,20.482763924863605,6.332101262345374,57.715675,1.9627239196470283,FALSE,,,
RISE::RISE_S012::2025-06-16,RISE,RISE::RISE_S012,2025-06-16,5.616666666666666,5.616666666666666,20.503757714099354,6.353095051581123,57.715675,1.9627239196470283,FALSE,,,
RISE::RISE_S013::2025-06-24,RISE,RISE::RISE_S013,2025-06-24,5.633333333333334,5.633333333333334,20.52484733098083,6.374184668462599,57.715675,1.9627239196470283,FALSE,,,
RISE::RISE_S013::2025-06-25,RISE,RISE::RISE_S013,2025-06-25,6.35,6.35,20.508991887436974,6.358329224918743,57.715675,1.9627239196470283,FALSE,,,
RISE::RISE_S013::2025-06-26,RISE,RISE::RISE_S013,2025-06-26,8.366666666666667,8.366666666666667,20.489147805107965,6.338485142589734,57.715675,1.9627239196470283,FALSE,,,
RISE::RISE_S013::2025-06-27,RISE,RISE::RISE_S013,2025-06-27,2.183333333333333,2.183333333333333,20.465393348733585,6.314730686215354,57.715675,1.9627239196470283,FALSE,,,
RISE::RISE_S013::2025-06-28,RISE,RISE::RISE_S013,2025-06-28,3.9166666666666665,3.9166666666666665,20.43781963951058,6.287156976992348,57.715675,1.9627239196470283,FALSE,,,
RISE::RISE_S013::2025-06-29,RISE,RISE::RISE_S013,2025-06-29,6.25,6.25,20.406529225375916,6.255866562857685,57.715675,1.9627239196470283,FALSE,,,
RISE::RISE_S016::2025-10-07,RISE,RISE::RISE_S016,2025-10-07,0.5333333333333333,0.5333333333333333,12.295595754848586,-1.855066907669645,57.715675,1.9627239196470283,FALSE,,,
RISE::RISE_S016::2025-10-08,RISE,RISE::RISE_S016,2025-10-08,0.4166666666666667,0.4166666666666667,12.215335908797051,-1.9353267537211796,57.715675,1.9627239196470283,FALSE,,,
RISE::RISE_S016::2025-10-09,RISE,RISE::RISE_S016,2025-10-09,0.5166666666666667,0.5166666666666667,12.135332807037566,-2.0153298554806653,57.715675,1.9627239196470283,FALSE,,,
RISE::RISE_S016::2025-10-10,RISE,RISE::RISE_S016,2025-10-10,0.21666666666666667,0.21666666666666667,12.055592330296834,-2.095070332221397,57.715675,1.9627239196470283,FALSE,,,
RISE::RISE_S016::2025-10-11,RISE,RISE::RISE_S016,2025-10-11,0.5833333333333334,0.5833333333333334,11.976120831569036,-2.1745418309491953,57.715675,1.9627239196470283,FALSE,,,
RISE::RISE_S016::2025-10-12,RISE,RISE::RISE_S016,2025-10-12,1.0833333333333333,1.0833333333333333,11.896925158434444,-2.2537375040837873,57.715675,1.9627239196470283,FALSE,,,
THUAS::THUAS_S001::2025-02-23,THUAS,THUAS::THUAS_S001,2025-02-23,1.9333333333333333,1.9333333333333333,11.654367930557992,-2.496294731960239,52.0116,1.3923164196470283,FALSE,,,
THUAS::THUAS_S001::2025-02-24,THUAS,THUAS::THUAS_S001,2025-02-24,0.2,0.2,11.717774412168398,-2.4328882503498335,52.0116,1.3923164196470283,FALSE,,,
THUAS::THUAS_S001::2025-02-25,THUAS,THUAS::THUAS_S001,2025-02-25,0,0,11.781480873823165,-2.369181788695066,52.0116,1.3923164196470283,FALSE,,,
THUAS::THUAS_S001::2025-02-26,THUAS,THUAS::THUAS_S001,2025-02-26,5.916666666666667,5.916666666666667,11.845476604236497,-2.305186058281734,52.0116,1.3923164196470283,FALSE,,,
THUAS::THUAS_S001::2025-02-27,THUAS,THUAS::THUAS_S001,2025-02-27,0.05,0.05,11.909751350416078,-2.2409113121021527,52.0116,1.3923164196470283,FALSE,,,
THUAS::THUAS_S001::2025-02-28,THUAS,THUAS::THUAS_S001,2025-02-28,0.5333333333333333,0.5333333333333333,11.974295300576422,-2.176367361941809,52.0116,1.3923164196470283,FALSE,,,
THUAS::THUAS_S001::2025-03-02,THUAS,THUAS::THUAS_S001,2025-03-02,0,0,12.10415366133054,-2.0465090011876903,52.0116,1.3923164196470283,FALSE,,,
THUAS::THUAS_S002::2025-03-04,THUAS,THUAS::THUAS_S002,2025-03-04,4.15,4.15,12.234981320500374,-1.915681342017857,52.0116,1.3923164196470283,FALSE,,,
THUAS::THUAS_S002::2025-03-09,THUAS,THUAS::THUAS_S002,2025-03-09,0,0,12.565880832738346,-1.5847818297798852,52.0116,1.3923164196470283,FALSE,,,
THUAS::THUAS_S003::2025-03-18,THUAS,THUAS::THUAS_S003,2025-03-18,2.716666666666667,2.716666666666667,13.173087510267893,-0.9775751522503384,52.0116,1.3923164196470283,FALSE,,,
THUAS::THUAS_S003::2025-03-19,THUAS,THUAS::THUAS_S003,2025-03-19,5.883333333333334,5.883333333333334,13.241332811580763,-0.9093298509374677,52.0116,1.3923164196470283,FALSE,,,
THUAS::THUAS_S003::2025-03-20,THUAS,THUAS::THUAS_S003,2025-03-20,5.516666666666667,5.516666666666667,13.309714924295744,-0.8409477382224875,52.0116,1.3923164196470283,FALSE,,,
THUAS::THUAS_S003::2025-03-21,THUAS,THUAS::THUAS_S003,2025-03-21,3.1666666666666665,3.1666666666666665,13.378228944804933,-0.772433717713298,52.0116,1.3923164196470283,FALSE,,,
THUAS::THUAS_S003::2025-03-22,THUAS,THUAS::THUAS_S003,2025-03-22,0.7666666666666667,0.7666666666666667,13.446869988971287,-0.7037926735469444,52.0116,1.3923164196470283,FALSE,,,
THUAS::THUAS_S003::2025-03-23,THUAS,THUAS::THUAS_S003,2025-03-23,7.916666666666667,7.916666666666667,13.515633172988892,-0.6350294895293391,52.0116,1.3923164196470283,FALSE,,,
THUAS::THUAS_S005::2025-03-25,THUAS,THUAS::THUAS_S005,2025-03-25,2.25,2.25,13.653506302436194,-0.49715636008203745,52.0116,1.3923164196470283,FALSE,,,
THUAS::THUAS_S005::2025-03-26,THUAS,THUAS::THUAS_S005,2025-03-26,4.2,4.2,13.72260629620817,-0.42805636631006116,52.0116,1.3923164196470283,FALSE,,,
THUAS::THUAS_S005::2025-03-27,THUAS,THUAS::THUAS_S005,2025-03-27,5.283333333333333,5.283333333333333,13.791808485322528,-0.35885417719570256,52.0116,1.3923164196470283,FALSE,,,
THUAS::THUAS_S005::2025-03-28,THUAS,THUAS::THUAS_S005,2025-03-28,3.6,3.6,13.861107677883572,-0.289554984634659,52.0116,1.3923164196470283,FALSE,,,
THUAS::THUAS_S005::2025-03-29,THUAS,THUAS::THUAS_S005,2025-03-29,3.933333333333333,3.933333333333333,13.930498557686805,-0.2201641048314258,52.0116,1.3923164196470283,FALSE,,,
THUAS::THUAS_S005::2025-03-30,THUAS,THUAS::THUAS_S005,2025-03-30,2.4166666666666665,2.4166666666666665,13.9999756623639,-0.15068700015433123,52.0116,1.3923164196470283,FALSE,,,
THUAS::THUAS_S006::2025-04-01,THUAS,THUAS::THUAS_S006,2025-04-01,2.533333333333333,2.533333333333333,14.13916583571169,-0.011496826806540739,52.0116,1.3923164196470283,FALSE,,,
THUAS::THUAS_S006::2025-04-02,THUAS,THUAS::THUAS_S006,2025-04-02,2.816666666666667,2.816666666666667,14.208867051866319,0.058204389348087915,52.0116,1.3923164196470283,FALSE,,,
THUAS::THUAS_S006::2025-04-03,THUAS,THUAS::THUAS_S006,2025-04-03,2.2333333333333334,2.2333333333333334,14.27863074236446,0.12796807984622838,52.0116,1.3923164196470283,FALSE,,,
THUAS::THUAS_S006::2025-04-05,THUAS,THUAS::THUAS_S006,2025-04-05,4.766666666666667,4.766666666666667,14.418319160474672,0.2676564979564411,52.0116,1.3923164196470283,FALSE,,,
THUAS::THUAS_S006::2025-04-06,THUAS,THUAS::THUAS_S006,2025-04-06,2,2,14.488229966627227,0.3375673041089957,52.0116,1.3923164196470283,FALSE,,,
THUAS::THUAS_S007::2025-04-08,THUAS,THUAS::THUAS_S007,2025-04-08,1.9666666666666666,1.9666666666666666,14.628147530357042,0.47748486783881106,52.0116,1.3923164196470283,FALSE,,,
THUAS::THUAS_S007::2025-04-09,THUAS,THUAS::THUAS_S007,2025-04-09,6.266666666666667,6.266666666666667,14.698138311372864,0.5474756488546326,52.0116,1.3923164196470283,FALSE,,,
THUAS::THUAS_S007::2025-04-10,THUAS,THUAS::THUAS_S007,2025-04-10,3.9166666666666665,3.9166666666666665,14.76813911543952,0.6174764529212897,52.0116,1.3923164196470283,FALSE,,,
THUAS::THUAS_S007::2025-04-11,THUAS,THUAS::THUAS_S007,2025-04-11,0,0,14.838140927619405,0.6874782651011735,52.0116,1.3923164196470283,FALSE,,,
THUAS::THUAS_S007::2025-04-12,THUAS,THUAS::THUAS_S007,2025-04-12,2.2666666666666666,2.2666666666666666,14.908134275078773,0.7574716125605416,52.0116,1.3923164196470283,FALSE,,,
THUAS::THUAS_S007::2025-04-13,THUAS,THUAS::THUAS_S007,2025-04-13,2.3666666666666667,2.3666666666666667,14.978109200398126,0.8274465378798954,52.0116,1.3923164196470283,FALSE,,,
THUAS::THUAS_S010::2025-06-03,THUAS,THUAS::THUAS_S010,2025-06-03,4.433333333333334,4.433333333333334,18.042194473081164,3.891531810562933,52.0116,1.3923164196470283,FALSE,,,
THUAS::THUAS_S010::2025-06-05,THUAS,THUAS::THUAS_S010,2025-06-05,4.7,4.7,18.110051562454967,3.9593888999367355,52.0116,1.3923164196470283,FALSE,,,
THUAS::THUAS_S010::2025-06-06,THUAS,THUAS::THUAS_S010,2025-06-06,10.916666666666666,10.916666666666666,18.14129734608862,3.9906346835703896,52.0116,1.3923164196470283,FALSE,,,
THUAS::THUAS_S010::2025-06-07,THUAS,THUAS::THUAS_S010,2025-06-07,8.05,8.05,18.170695600642098,4.020032938123867,52.0116,1.3923164196470283,FALSE,,,
THUAS::THUAS_S010::2025-06-08,THUAS,THUAS::THUAS_S010,2025-06-08,3.5833333333333335,3.5833333333333335,18.198204170399244,4.047541507881013,52.0116,1.3923164196470283,FALSE,,,
THUAS::THUAS_S010::2025-06-09,THUAS,THUAS::THUAS_S010,2025-06-09,6.2,6.2,18.223782843152684,4.073120180634453,52.0116,1.3923164196470283,FALSE,,,
THUAS::THUAS_S011::2025-05-13,THUAS,THUAS::THUAS_S011,2025-05-13,2.8333333333333335,2.8333333333333335,16.991607664691077,2.8409450021728464,52.0116,1.3923164196470283,FALSE,,,
THUAS::THUAS_S011::2025-05-14,THUAS,THUAS::THUAS_S011,2025-05-14,3,3,17.05210279080603,2.9014401282877973,52.0116,1.3923164196470283,FALSE,,,
THUAS::THUAS_S011::2025-05-15,THUAS,THUAS::THUAS_S011,2025-05-15,2.7,2.7,17.111836332347657,2.961173669829426,52.0116,1.3923164196470283,FALSE,,,
THUAS::THUAS_S011::2025-05-16,THUAS,THUAS::THUAS_S011,2025-05-16,2.3,2.3,17.170767495963307,3.0201048334450764,52.0116,1.3923164196470283,FALSE,,,
THUAS::THUAS_S011::2025-05-17,THUAS,THUAS::THUAS_S011,2025-05-17,5.6,5.6,17.22885436197122,3.0781916994529883,52.0116,1.3923164196470283,FALSE,,,
THUAS::THUAS_S011::2025-05-18,THUAS,THUAS::THUAS_S011,2025-05-18,1.9166666666666667,1.9166666666666667,17.286053916414577,3.135391253896346,52.0116,1.3923164196470283,FALSE,,,
THUAS::THUAS_S014::2025-07-08,THUAS,THUAS::THUAS_S014,2025-07-08,3.7,3.7,18.05177746653557,3.901114804017338,52.0116,1.3923164196470283,FALSE,,,
THUAS::THUAS_S014::2025-07-09,THUAS,THUAS::THUAS_S014,2025-07-09,3.683333333333333,3.683333333333333,18.01588496943315,3.8652223069149176,52.0116,1.3923164196470283,FALSE,,,
THUAS::THUAS_S014::2025-07-10,THUAS,THUAS::THUAS_S014,2025-07-10,0.55,0.55,17.978340305818453,3.8276776433002215,52.0116,1.3923164196470283,FALSE,,,
THUAS::THUAS_S014::2025-07-11,THUAS,THUAS::THUAS_S014,2025-07-11,2.8833333333333333,2.8833333333333333,17.939192422562176,3.7885297600439447,52.0116,1.3923164196470283,FALSE,,,
THUAS::THUAS_S014::2025-07-12,THUAS,THUAS::THUAS_S014,2025-07-12,4.05,4.05,17.898490925100116,3.7478282625818853,52.0116,1.3923164196470283,FALSE,,,
THUAS::THUAS_S015::2025-07-08,THUAS,THUAS::THUAS_S015,2025-07-08,5.966666666666667,5.966666666666667,18.05177746653557,3.901114804017338,52.0116,1.3923164196470283,FALSE,,,
THUAS::THUAS_S015::2025-07-09,THUAS,THUAS::THUAS_S015,2025-07-09,2.3333333333333335,2.3333333333333335,18.01588496943315,3.8652223069149176,52.0116,1.3923164196470283,FALSE,,,
THUAS::THUAS_S015::2025-07-10,THUAS,THUAS::THUAS_S015,2025-07-10,7.583333333333333,7.583333333333333,17.978340305818453,3.8276776433002215,52.0116,1.3923164196470283,FALSE,,,
THUAS::THUAS_S015::2025-07-11,THUAS,THUAS::THUAS_S015,2025-07-11,2.15,2.15,17.939192422562176,3.7885297600439447,52.0116,1.3923164196470283,FALSE,,,
THUAS::THUAS_S015::2025-07-12,THUAS,THUAS::THUAS_S015,2025-07-12,6.4,6.4,17.898490925100116,3.7478282625818853,52.0116,1.3923164196470283,FALSE,,,
THUAS::THUAS_S015::2025-07-13,THUAS,THUAS::THUAS_S015,2025-07-13,0.03333333333333333,0.03333333333333333,17.856285890539485,3.7056232280212544,52.0116,1.3923164196470283,FALSE,,,
THUAS::THUAS_S016::2025-07-08,THUAS,THUAS::THUAS_S016,2025-07-08,2.7666666666666666,2.7666666666666666,18.05177746653557,3.901114804017338,52.0116,1.3923164196470283,FALSE,,,
THUAS::THUAS_S016::2025-07-09,THUAS,THUAS::THUAS_S016,2025-07-09,3.683333333333333,3.683333333333333,18.01588496943315,3.8652223069149176,52.0116,1.3923164196470283,FALSE,,,
THUAS::THUAS_S016::2025-07-10,THUAS,THUAS::THUAS_S016,2025-07-10,5.55,5.55,17.978340305818453,3.8276776433002215,52.0116,1.3923164196470283,FALSE,,,
THUAS::THUAS_S016::2025-07-11,THUAS,THUAS::THUAS_S016,2025-07-11,4.483333333333333,4.483333333333333,17.939192422562176,3.7885297600439447,52.0116,1.3923164196470283,FALSE,,,
THUAS::THUAS_S016::2025-07-12,THUAS,THUAS::THUAS_S016,2025-07-12,4.533333333333333,4.533333333333333,17.898490925100116,3.7478282625818853,52.0116,1.3923164196470283,FALSE,,,
THUAS::THUAS_S016::2025-07-13,THUAS,THUAS::THUAS_S016,2025-07-13,1.3166666666666667,1.3166666666666667,17.856285890539485,3.7056232280212544,52.0116,1.3923164196470283,FALSE,,,
THUAS::THUAS_S018::2025-09-23,THUAS,THUAS::THUAS_S018,2025-09-23,5.6,5.6,13.252464475962851,-0.8981981865553799,52.0116,1.3923164196470283,FALSE,,,
THUAS::THUAS_S018::2025-09-24,THUAS,THUAS::THUAS_S018,2025-09-24,5.583333333333333,5.583333333333333,13.185245578487715,-0.9654170840305163,52.0116,1.3923164196470283,FALSE,,,
THUAS::THUAS_S018::2025-09-25,THUAS,THUAS::THUAS_S018,2025-09-25,4.916666666666667,4.916666666666667,13.118162540859647,-1.0325001216585843,52.0116,1.3923164196470283,FALSE,,,
THUAS::THUAS_S018::2025-09-26,THUAS,THUAS::THUAS_S018,2025-09-26,4.383333333333334,4.383333333333334,13.05121983177132,-1.099442830746911,52.0116,1.3923164196470283,FALSE,,,
THUAS::THUAS_S018::2025-09-27,THUAS,THUAS::THUAS_S018,2025-09-27,2.1,2.1,12.984421993957625,-1.1662406685606062,52.0116,1.3923164196470283,FALSE,,,
TUM::TUM_S001::2024-05-14,TUM,TUM::TUM_S001,2024-05-14,2.8666666666666667,2.8666666666666667,16.407798154950143,2.257135492431912,48.1333,1.0044864196470282,FALSE,,,
TUM::TUM_S001::2024-05-15,TUM,TUM::TUM_S001,2024-05-15,4.833333333333333,4.833333333333333,16.456689239475462,2.3060265769572315,48.1333,1.0044864196470282,FALSE,,,
TUM::TUM_S001::2024-05-16,TUM,TUM::TUM_S001,2024-05-16,5.8,5.8,16.50482180317243,2.3541591406541986,48.1333,1.0044864196470282,FALSE,,,
TUM::TUM_S001::2024-05-17,TUM,TUM::TUM_S001,2024-05-17,2.533333333333333,2.533333333333333,16.552163121700286,2.4015004591820546,48.1333,1.0044864196470282,FALSE,,,
TUM::TUM_S001::2024-05-18,TUM,TUM::TUM_S001,2024-05-18,4.566666666666666,4.566666666666666,16.598679932951928,2.448017270433697,48.1333,1.0044864196470282,FALSE,,,
TUM::TUM_S001::2024-05-19,TUM,TUM::TUM_S001,2024-05-19,4.416666666666667,4.416666666666667,16.64433848268456,2.493675820166329,48.1333,1.0044864196470282,FALSE,,,
TUM::TUM_S002::2024-05-28,TUM,TUM::TUM_S002,2024-05-28,2,2,17.01090464512507,2.860241982606839,48.1333,1.0044864196470282,FALSE,,,
TUM::TUM_S002::2024-05-29,TUM,TUM::TUM_S002,2024-05-29,1.3666666666666667,1.3666666666666667,17.046058657566707,2.8953959950484762,48.1333,1.0044864196470282,FALSE,,,
TUM::TUM_S002::2024-05-30,TUM,TUM::TUM_S002,2024-05-30,4.65,4.65,17.079968775775697,2.929306113257466,48.1333,1.0044864196470282,FALSE,,,
TUM::TUM_S002::2024-05-31,TUM,TUM::TUM_S002,2024-05-31,0.7666666666666667,0.7666666666666667,17.11260074065791,2.9619380781396796,48.1333,1.0044864196470282,FALSE,,,
TUM::TUM_S002::2024-06-01,TUM,TUM::TUM_S002,2024-06-01,0.9833333333333333,0.9833333333333333,17.143920845124455,2.9932581826062243,48.1333,1.0044864196470282,FALSE,,,
TUM::TUM_S002::2024-06-02,TUM,TUM::TUM_S002,2024-06-02,2.933333333333333,2.933333333333333,17.17389604330063,3.023233380782399,48.1333,1.0044864196470282,FALSE,,,
TUM::TUM_S003::2024-06-04,TUM,TUM::TUM_S003,2024-06-04,3.183333333333333,3.183333333333333,17.229683514038722,3.0790208515204913,48.1333,1.0044864196470282,FALSE,,,
TUM::TUM_S003::2024-06-05,TUM,TUM::TUM_S003,2024-06-05,0.65,0.65,17.255434011883207,3.1047713493649756,48.1333,1.0044864196470282,FALSE,,,
TUM::TUM_S003::2024-06-06,TUM,TUM::TUM_S003,2024-06-06,2.8333333333333335,2.8333333333333335,17.279716282222005,3.1290536197037735,48.1333,1.0044864196470282,FALSE,,,
TUM::TUM_S003::2024-06-07,TUM,TUM::TUM_S003,2024-06-07,0.016666666666666666,0.016666666666666666,17.30250227868557,3.1518396161673383,48.1333,1.0044864196470282,FALSE,,,
TUM::TUM_S003::2024-06-08,TUM,TUM::TUM_S003,2024-06-08,1.5333333333333334,1.5333333333333334,17.323765294618077,3.1731026320998463,48.1333,1.0044864196470282,FALSE,,,
TUM::TUM_S003::2024-06-09,TUM,TUM::TUM_S003,2024-06-09,1.65,1.65,17.343480072021485,3.192817409503254,48.1333,1.0044864196470282,FALSE,,,
TUM::TUM_S004::2024-06-11,TUM,TUM::TUM_S004,2024-06-11,7.066666666666666,7.066666666666666,17.378171757062276,3.227509094544045,48.1333,1.0044864196470282,FALSE,,,
TUM::TUM_S004::2024-06-12,TUM,TUM::TUM_S004,2024-06-12,3.9166666666666665,3.9166666666666665,17.393106327851612,3.242443665333381,48.1333,1.0044864196470282,FALSE,,,
TUM::TUM_S004::2024-06-13,TUM,TUM::TUM_S004,2024-06-13,5.316666666666666,5.316666666666666,17.4064081744353,3.255745511917068,48.1333,1.0044864196470282,FALSE,,,
TUM::TUM_S004::2024-06-14,TUM,TUM::TUM_S004,2024-06-14,0.31666666666666665,0.31666666666666665,17.4180607806974,3.267398118179168,48.1333,1.0044864196470282,FALSE,,,
TUM::TUM_S004::2024-06-15,TUM,TUM::TUM_S004,2024-06-15,0,0,17.428049636880555,3.277386974362324,48.1333,1.0044864196470282,FALSE,,,
TUM::TUM_S004::2024-06-16,TUM,TUM::TUM_S004,2024-06-16,2.816666666666667,2.816666666666667,17.436362307866414,3.285699645348183,48.1333,1.0044864196470282,FALSE,,,
TUM::TUM_S005::2024-06-18,TUM,TUM::TUM_S005,2024-06-18,1.85,1.85,17.447920072807207,3.2972574102889762,48.1333,1.0044864196470282,FALSE,,,
TUM::TUM_S005::2024-06-19,TUM,TUM::TUM_S005,2024-06-19,0.7,0.7,17.451151154239973,3.300488491721742,48.1333,1.0044864196470282,FALSE,,,
TUM::TUM_S005::2024-06-20,TUM,TUM::TUM_S005,2024-06-20,0,0,17.452678093645307,3.302015431127076,48.1333,1.0044864196470282,FALSE,,,
TUM::TUM_S005::2024-06-21,TUM,TUM::TUM_S005,2024-06-21,0.15,0.15,17.452499517268606,3.301836854750375,48.1333,1.0044864196470282,FALSE,,,
TUM::TUM_S005::2024-06-22,TUM,TUM::TUM_S005,2024-06-22,0.9,0.9,17.450616327722866,3.299953665204635,48.1333,1.0044864196470282,FALSE,,,
TUM::TUM_S005::2024-06-23,TUM,TUM::TUM_S005,2024-06-23,0.016666666666666666,0.016666666666666666,17.447031699485247,3.2963690369670164,48.1333,1.0044864196470282,FALSE,,,
TUM::TUM_S006::2024-06-25,TUM,TUM::TUM_S006,2024-06-25,3.75,3.75,17.434782080054283,3.2841194175360524,48.1333,1.0044864196470282,FALSE,,,
TUM::TUM_S006::2024-06-26,TUM,TUM::TUM_S006,2024-06-26,2.45,2.45,17.42613460249371,3.27547193997548,48.1333,1.0044864196470282,FALSE,,,
TUM::TUM_S006::2024-06-27,TUM,TUM::TUM_S006,2024-06-27,8.8,8.8,17.415820629066893,3.265157966548662,48.1333,1.0044864196470282,FALSE,,,
TUM::TUM_S006::2024-06-28,TUM,TUM::TUM_S006,2024-06-28,5.1,5.1,17.403854245874616,3.2531915833563847,48.1333,1.0044864196470282,FALSE,,,
TUM::TUM_S006::2024-06-29,TUM,TUM::TUM_S006,2024-06-29,3.283333333333333,3.283333333333333,17.390251560144954,3.2395888976267226,48.1333,1.0044864196470282,FALSE,,,
TUM::TUM_S006::2024-06-30,TUM,TUM::TUM_S006,2024-06-30,1.1,1.1,17.375030625594988,3.224367963076757,48.1333,1.0044864196470282,FALSE,,,
TUM::TUM_S007::2024-07-02,TUM,TUM::TUM_S007,2024-07-02,0.13333333333333333,0.13333333333333333,17.339815451171663,3.1891527886534323,48.1333,1.0044864196470282,FALSE,,,
TUM::TUM_S007::2024-07-03,TUM,TUM::TUM_S007,2024-07-03,1.1,1.1,17.319866269760663,3.169203607242432,48.1333,1.0044864196470282,FALSE,,,
TUM::TUM_S007::2024-07-04,TUM,TUM::TUM_S007,2024-07-04,1.3333333333333333,1.3333333333333333,17.298388759096465,3.147726096578234,48.1333,1.0044864196470282,FALSE,,,
TUM::TUM_S007::2024-07-05,TUM,TUM::TUM_S007,2024-07-05,1.1666666666666667,1.1666666666666667,17.275409334103266,3.1247466715850347,48.1333,1.0044864196470282,FALSE,,,
TUM::TUM_S007::2024-07-06,TUM,TUM::TUM_S007,2024-07-06,0.9166666666666666,0.9166666666666666,17.250955771075354,3.100293108557123,48.1333,1.0044864196470282,FALSE,,,
TUM::TUM_S007::2024-07-07,TUM,TUM::TUM_S007,2024-07-07,0.05,0.05,17.225057096150188,3.074394433631957,48.1333,1.0044864196470282,FALSE,,,
TUM::TUM_S008::2024-07-09,TUM,TUM::TUM_S008,2024-07-09,4.816666666666666,4.816666666666666,17.169046083688738,3.0183834211705065,48.1333,1.0044864196470282,FALSE,,,
TUM::TUM_S008::2024-07-10,TUM,TUM::TUM_S008,2024-07-10,4.2,4.2,17.138997023701666,2.988334361183435,48.1333,1.0044864196470282,FALSE,,,
TUM::TUM_S008::2024-07-11,TUM,TUM::TUM_S008,2024-07-11,3.35,3.35,17.10762917962339,2.95696651710516,48.1333,1.0044864196470282,FALSE,,,
TUM::TUM_S008::2024-07-12,TUM,TUM::TUM_S008,2024-07-12,4,4,17.074976120856075,2.924313458337844,48.1333,1.0044864196470282,FALSE,,,
TUM::TUM_S008::2024-07-13,TUM,TUM::TUM_S008,2024-07-13,6.966666666666667,6.966666666666667,17.041071989602514,2.890409327084283,48.1333,1.0044864196470282,FALSE,,,
TUM::TUM_S008::2024-07-14,TUM,TUM::TUM_S008,2024-07-14,4.433333333333334,4.433333333333334,17.005951392915513,2.855288730397282,48.1333,1.0044864196470282,FALSE,,,
TUM::TUM_S009::2024-07-16,TUM,TUM::TUM_S009,2024-07-16,7.783333333333333,7.783333333333333,16.932200935615434,2.781538273097203,48.1333,1.0044864196470282,FALSE,,,
TUM::TUM_S009::2024-07-17,TUM,TUM::TUM_S009,2024-07-17,6.8,6.8,16.89364169617494,2.7429790336567077,48.1333,1.0044864196470282,FALSE,,,
TUM::TUM_S009::2024-07-18,TUM,TUM::TUM_S009,2024-07-18,10.516666666666667,10.516666666666667,16.85400704509682,2.7033443825785906,48.1333,1.0044864196470282,FALSE,,,
TUM::TUM_S009::2024-07-19,TUM,TUM::TUM_S009,2024-07-19,5.166666666666667,5.166666666666667,16.813332432177333,2.662669769659102,48.1333,1.0044864196470282,FALSE,,,
TUM::TUM_S009::2024-07-20,TUM,TUM::TUM_S009,2024-07-20,4.3,4.3,16.77165320912997,2.620990546611738,48.1333,1.0044864196470282,FALSE,,,
TUM::TUM_S009::2024-07-21,TUM,TUM::TUM_S009,2024-07-21,0.75,0.75,16.729004553026623,2.5783418905083924,48.1333,1.0044864196470282,FALSE,,,
TUM::TUM_S010::2024-07-23,TUM,TUM::TUM_S010,2024-07-23,1.2166666666666666,1.2166666666666666,16.640938344730273,2.490275682212042,48.1333,1.0044864196470282,FALSE,,,
TUM::TUM_S010::2024-07-24,TUM,TUM::TUM_S010,2024-07-24,3.2333333333333334,3.2333333333333334,16.595589646233453,2.444926983715222,48.1333,1.0044864196470282,FALSE,,,
TUM::TUM_S010::2024-07-25,TUM,TUM::TUM_S010,2024-07-25,1.5833333333333333,1.5833333333333333,16.54940910299619,2.398746440477959,48.1333,1.0044864196470282,FALSE,,,
TUM::TUM_S010::2024-07-26,TUM,TUM::TUM_S010,2024-07-26,0.4166666666666667,0.4166666666666667,16.502430035074553,2.3517673725563224,48.1333,1.0044864196470282,FALSE,,,
TUM::TUM_S010::2024-07-27,TUM,TUM::TUM_S010,2024-07-27,1.3666666666666667,1.3666666666666667,16.454685231116084,2.304022568597853,48.1333,1.0044864196470282,FALSE,,,
TUM::TUM_S010::2024-07-28,TUM,TUM::TUM_S010,2024-07-28,0,0,16.40620690557692,2.2555442430586883,48.1333,1.0044864196470282,FALSE,,,
UCR::UCR_S001::2025-06-17,UCR,UCR::UCR_S001,2025-06-17,1.85,1.85,13.473499963151085,-0.6771626993671465,9.9372,-2.8151235803529713,FALSE,,,
UCR::UCR_S001::2025-06-18,UCR,UCR::UCR_S001,2025-06-18,3.7666666666666666,3.7666666666666666,13.474199655519591,-0.6764630069986399,9.9372,-2.8151235803529713,FALSE,,,
UCR::UCR_S001::2025-06-19,UCR,UCR::UCR_S001,2025-06-19,3.9166666666666665,3.9166666666666665,13.474654420481787,-0.6760082420364437,9.9372,-2.8151235803529713,FALSE,,,
UCR::UCR_S001::2025-06-22,UCR,UCR::UCR_S001,2025-06-22,3.3666666666666667,3.3666666666666667,13.474547087020344,-0.6761155754978869,9.9372,-2.8151235803529713,FALSE,,,
UCR::UCR_S002::2025-06-17,UCR,UCR::UCR_S002,2025-06-17,4.933333333333334,4.933333333333334,13.473499963151085,-0.6771626993671465,9.9372,-2.8151235803529713,FALSE,,,
UCR::UCR_S002::2025-06-18,UCR,UCR::UCR_S002,2025-06-18,1.1666666666666667,1.1666666666666667,13.474199655519591,-0.6764630069986399,9.9372,-2.8151235803529713,FALSE,,,
UCR::UCR_S002::2025-06-19,UCR,UCR::UCR_S002,2025-06-19,1.5,1.5,13.474654420481787,-0.6760082420364437,9.9372,-2.8151235803529713,FALSE,,,
UCR::UCR_S002::2025-06-20,UCR,UCR::UCR_S002,2025-06-20,0.6666666666666666,0.6666666666666666,13.474863940808508,-0.6757987217097234,9.9372,-2.8151235803529713,FALSE,,,
UCR::UCR_S002::2025-06-21,UCR,UCR::UCR_S002,2025-06-21,1.6833333333333333,1.6833333333333333,13.47482812086741,-0.6758345416508202,9.9372,-2.8151235803529713,FALSE,,,
UCR::UCR_S003::2025-06-17,UCR,UCR::UCR_S003,2025-06-17,1.9833333333333334,1.9833333333333334,13.473499963151085,-0.6771626993671465,9.9372,-2.8151235803529713,FALSE,,,
UCR::UCR_S003::2025-06-18,UCR,UCR::UCR_S003,2025-06-18,0.21666666666666667,0.21666666666666667,13.474199655519591,-0.6764630069986399,9.9372,-2.8151235803529713,FALSE,,,
UCR::UCR_S003::2025-06-19,UCR,UCR::UCR_S003,2025-06-19,1.9,1.9,13.474654420481787,-0.6760082420364437,9.9372,-2.8151235803529713,FALSE,,,
UCR::UCR_S004::2025-06-24,UCR,UCR::UCR_S004,2025-06-24,1.8166666666666667,1.8166666666666667,13.473250989052984,-0.6774116734652473,9.9372,-2.8151235803529713,FALSE,,,
UCR::UCR_S004::2025-06-25,UCR,UCR::UCR_S004,2025-06-25,1.55,1.55,13.472237280209859,-0.6784253823083723,9.9372,-2.8151235803529713,FALSE,,,
UCR::UCR_S004::2025-06-26,UCR,UCR::UCR_S004,2025-06-26,3.1,3.1,13.470981064306365,-0.6796815982118662,9.9372,-2.8151235803529713,FALSE,,,
UCR::UCR_S004::2025-06-27,UCR,UCR::UCR_S004,2025-06-27,0.6166666666666667,0.6166666666666667,13.469483559065395,-0.6811791034528358,9.9372,-2.8151235803529713,FALSE,,,
UCR::UCR_S004::2025-06-28,UCR,UCR::UCR_S004,2025-06-28,0.4,0.4,13.467746192746691,-0.6829164697715395,9.9372,-2.8151235803529713,FALSE,,,
UCR::UCR_S004::2025-06-29,UCR,UCR::UCR_S004,2025-06-29,0.8166666666666667,0.8166666666666667,13.465770600769256,-0.6848920617489753,9.9372,-2.8151235803529713,FALSE,,,
UCR::UCR_S005::2025-06-24,UCR,UCR::UCR_S005,2025-06-24,0,0,13.473250989052984,-0.6774116734652473,9.9372,-2.8151235803529713,FALSE,,,
UCR::UCR_S005::2025-06-25,UCR,UCR::UCR_S005,2025-06-25,0.2,0.2,13.472237280209859,-0.6784253823083723,9.9372,-2.8151235803529713,FALSE,,,
UCR::UCR_S005::2025-06-26,UCR,UCR::UCR_S005,2025-06-26,1.7333333333333334,1.7333333333333334,13.470981064306365,-0.6796815982118662,9.9372,-2.8151235803529713,FALSE,,,
UCR::UCR_S006::2025-06-24,UCR,UCR::UCR_S006,2025-06-24,2.95,2.95,13.473250989052984,-0.6774116734652473,9.9372,-2.8151235803529713,FALSE,,,
UCR::UCR_S006::2025-06-25,UCR,UCR::UCR_S006,2025-06-25,2.9166666666666665,2.9166666666666665,13.472237280209859,-0.6784253823083723,9.9372,-2.8151235803529713,FALSE,,,
UCR::UCR_S006::2025-06-26,UCR,UCR::UCR_S006,2025-06-26,1.6,1.6,13.470981064306365,-0.6796815982118662,9.9372,-2.8151235803529713,FALSE,,,
UCR::UCR_S006::2025-06-27,UCR,UCR::UCR_S006,2025-06-27,0.55,0.55,13.469483559065395,-0.6811791034528358,9.9372,-2.8151235803529713,FALSE,,,
UCR::UCR_S006::2025-06-28,UCR,UCR::UCR_S006,2025-06-28,1.5333333333333334,1.5333333333333334,13.467746192746691,-0.6829164697715395,9.9372,-2.8151235803529713,FALSE,,,
UCR::UCR_S006::2025-06-29,UCR,UCR::UCR_S006,2025-06-29,1.9,1.9,13.465770600769256,-0.6848920617489753,9.9372,-2.8151235803529713,FALSE,,,
