path,sha256,bytes
audit/report_harmonization/owner_orders/67a_nathealth_mobile_toc_clone_state_repair_and_h06_completion.md,4a04f727535247fb6a8ce5e54ab002d9b0f21fb78ee9d36097f27f1eac9001c4,11296
audit/report_harmonization/report018_navigation_order67_stop_independent_acceptance.md,9bbae3bfcbfdba1746a17b166d4cdbb62a52da9a1409ac6afd758a836a3a444e,3666
audit/report_harmonization/report018_navigation_order67_stop_independent_acceptance_manifest.csv,d46ee325d53d52075dfda69fd1de9465771bd1a033d1429f280f14aeeee4cc97,3673
scripts/report_harmonization/check_report018_navigation_order67_stop_and_js_scope.R,7e9f260f46bde7fb3a5cae90b9b7730e0b37d973f7ae36b7e5c224acb2adeaaa,9740
audit/report_harmonization/navigation_mobile_toc_collapse_repair_2026_09_02/order67_fail_closed.md,7fbf139addab800060de16d4688853f1e426cf55a04451d5814aa709f24f9396,2501
audit/report_harmonization/navigation_mobile_toc_collapse_repair_2026_09_02/order67_fail_closed_manifest.csv,e5bd594c9ffe6bdbbb675307646b130bf141ba00eef59896f356ca3e38ce2240,7934
audit/report_harmonization/navigation_mobile_toc_collapse_repair_2026_09_02/candidate_browser_observation.json,32a6d3d300533203d1ce8d432340d953cf3c3a39d3b9f58cd30e9ae85d0c50ed,1015
audit/report_harmonization/navigation_mobile_toc_collapse_repair_2026_09_02/candidate_h06_708_open_failure.png,2e44f4e1660833d59738fa50882dc08fc71dacfaa1e95a55b450a0dd8ac095ff,100635
audit/report_harmonization/navigation_mobile_toc_collapse_repair_2026_09_02/candidate_html_css_reference_audit.csv,9d9ecb7d2766e4207dfe3222d41b5768cdbc053d13014d16b766fe2d6c41e6e3,516
audit/report_harmonization/navigation_mobile_toc_collapse_repair_2026_09_02/candidate_gate_checks.csv,b948fea693d2292aae30a356a22e61c2ed8ed660fdeff1a1102aa15b03987a2d,1057
audit/report_harmonization/navigation_mobile_toc_collapse_repair_2026_09_02/styles-nathealth.post.css,736b7f1309d8ddacda8b70999d37e6ee26920b9927cf1ae7215ec891a94b2dfe,4611
audit/report_harmonization/owner_orders/67_nathealth_mobile_toc_collapse_repair_and_h06_completion.md,54ed7e519f93b049ee3538545a53118874a01c90d90420cd0810d403804200fe,8316
audit/report_harmonization/report018_navigation_order67_dispatch_manifest.csv,c12d5aeb2289349b1c7291e12baebfe2b6f47c5ab470d4ef7a6eaa03691cb729,4678
audit/report_harmonization/report018_navigation_order67_dispatch.md,4e13ef88944300e4825e238f81f9b96ef714f239c6de437401e2273662716edd,1333
audit/report_harmonization/report018_navigation_order67_dispatch_receipt_manifest.csv,5bf7e0f8d6dab580d923be3c0ea6cf7b09fb48804c481b6d6cfb8e9dc33d8bd4,1291
_includes/nathealth-mobile-toc.html,926a5fc051f032100714ae01b53c5ba2937c91ff2406ab5354484bf8fd7f553d,1388
styles-nathealth.css,051d9468f636df71e2408687661369a443029407426fef98850ff56def9aac87,4548
_build/nathealth/styles-nathealth.css,051d9468f636df71e2408687661369a443029407426fef98850ff56def9aac87,4548
audit/report_harmonization/phase4_corpus_manifest.csv,c42c326230818a93aa89322155b933c2f536f09bd447ab09b72f934fba75e76f,11479
audit/hypotheses/H06/employment_eligibility_sensitivity/order66b_result_no_rerender_completion/post_qa_build_inventory.csv,8d00db3d2a7bfe8f17526cee08027bafd83f99bb7ad0e36c73e3e46cada5f355,124510
_build/nathealth/notebooks/hypotheses/H06.html,b701a6d6e10e37fbe143117b70c0ba78e2d65ade0b973f3e1cd3e43a6f658dc9,4898662
notebooks/hypotheses/H06.qmd,5f8ec988d680e1a3e3dbf2410f0d4e6a49ded80a9990b3a09661aebdc98cbd4e,65023
audit/hypotheses/H06/H06_analysis_preparation.qmd,5b128499a1f1a9312089ec47dfd1ba30cebb2a31059608659c0aa464753abfa0,63867
_build/nathealth/audit/hypotheses/H06/H06_analysis_preparation.html,ae3dd53c5c3947e163a6048807f1e639197548e8e824c9d52709da3a65f74683,849545
artifacts/12_manifests/H06/employment_eligibility_sensitivity/H06_employment_eligibility_report_manifest.csv,aa820c8d2df6bf19db9141141220c722ca5b88862d172c1d0b947c9835fc1ed9,12053
artifacts/12_manifests/H06/employment_eligibility_sensitivity/report_finalization/H06_employment_eligibility_report_verification.csv,a0f049f8626cbd34372af7a2abcb2b994e4569ab30a4e19c4e7905af4add297f,2300
tests/hypotheses/H06/employment_eligibility_sensitivity/test_h06_employment_eligibility_reader_integration.R,aa3031f939f0d4ac5f0621e60e18c32fbe5e9716a8fa577a94d2582a620892b0,6014
audit/handoffs/H06_worker_handoff.md,d7199fd0fb4056f4ec67a630814303b3eedeec7b00316b32cf798a2fda6611cf,18908
_quarto-nathealth.yml,e54c71794f4f763a8b50417ab83ff3db37bc9af3fef3f4d1910576ab12c61bc7,10042
renv.lock,3bf99c633fb123626eb14d29f0847b91f71030c92e90331fe401e3204bca8350,603493
audit/report_harmonization/navigation_mobile_toc_collapse_repair_2026_09_02/css_exact_reversal.diff,25bdfb5c084ec0683968d7a839050deb742cc7216926511353d73c7ebfab6eb3,262
audit/hypotheses/H06/employment_eligibility_sensitivity/order66b_result_no_rerender_completion/browser_observations.json,442e3bb08a780585bc63ad709988af48c5e4c2861c874276b9df52615642787d,40371
audit/hypotheses/H06/employment_eligibility_sensitivity/order66b_result_no_rerender_completion/H06_order66b_fail_closed_manifest.csv,4c6cc8cc9bed866e66ca6423ecb739e94d1774e542650c8fe1f5b1d3ff56bad8,12310
audit/hypotheses/H06/employment_eligibility_sensitivity/order66b_result_no_rerender_completion/H06_order66b_visual_fail_closed.md,121c7b333cbdb4c8d0c8de1dcddb422cd6d209d58c4c66586d144b1c2ec62fcc,4284
audit/hypotheses/H06/employment_eligibility_sensitivity/order66b_result_no_rerender_completion/narrow_708x1000_on_this_page_open.png,318ed59d574a56161b986f3fc0d1a50088e853a28bb7b470d177a322b6eef0b3,100536
audit/hypotheses/H06/employment_eligibility_sensitivity/order66b_result_no_rerender_completion/post_qa_protected_hashes.txt,5b546f011090f24902fcd10978507baea1b64c0b352163796e1a0b4e9df9845a,725
audit/hypotheses/H06/employment_eligibility_sensitivity/order66b_result_no_rerender_completion/server_lifecycle.txt,41951c2a10efbc97f8654d340f7b771e903366da26f12caf8c1046057920a60e,490
audit/report_harmonization/navigation_mobile_toc_collapse_repair_2026_09_02/candidate_build_delta.csv,59f0f17d3c0dcc2bee437bddd8e3d5d9afead5914e49752326cb53fe854044ca,226
audit/report_harmonization/navigation_mobile_toc_collapse_repair_2026_09_02/candidate_post_inventory.csv,a9500e0067770b23670345909c3e146056c3f354349ec0a20e69b75e0db24348,128084
audit/report_harmonization/navigation_mobile_toc_collapse_repair_2026_09_02/candidate_pre_inventory.csv,8d00db3d2a7bfe8f17526cee08027bafd83f99bb7ad0e36c73e3e46cada5f355,124510
audit/report_harmonization/navigation_mobile_toc_collapse_repair_2026_09_02/candidate_root.txt,3d5b2f1a047de246b9c916fbbcd3478711b558c4a533a61893b4caf8b4c62aa8,49
audit/report_harmonization/navigation_mobile_toc_collapse_repair_2026_09_02/post_stop_live_build_inventory.csv,12aa565d8a136f47a9b5257eb49829f5395c56b1a270f9b78a3d9e68d0fc70a6,128084
audit/report_harmonization/navigation_mobile_toc_collapse_repair_2026_09_02/post_stop_protected_inventory.csv,c453b9c752508342a3758467a2178fbc7b96380c229f557f4e4dff164e3125c8,4048
audit/report_harmonization/navigation_mobile_toc_collapse_repair_2026_09_02/preflight_summary.md,b6e14db40b0651df50fcfe3ff75be98adda866dd223073aef1c915dd4eb5962c,1106
audit/report_harmonization/navigation_mobile_toc_collapse_repair_2026_09_02/promotion_status.csv,f3a7567abcf9463cd5625ebd4540988dcfdb36a37a9b26a2df9ca0ba8aac2920,289
audit/report_harmonization/navigation_mobile_toc_collapse_repair_2026_09_02/server_lifecycle.csv,8c02cd57cbc300b88b22a91addbabcba17701fd550df1348e39482948c641a67,179
audit/report_harmonization/navigation_mobile_toc_collapse_repair_2026_09_02/styles-nathealth.pre.css,051d9468f636df71e2408687661369a443029407426fef98850ff56def9aac87,4548
audit/report_harmonization/report018_h06_order66b_visual_stop_independent_acceptance_manifest.csv,6ccc6c94d1522ee90654b3bbca010b623c7739ed44e0df33c107e09b958060fd,3529
audit/report_harmonization/report018_h06_order66b_visual_stop_independent_acceptance.md,d810102ceac8b5ccc7e1b1ba47a25bf2b96184cfd841fc460fda8dc93b64cb02,3641
scripts/report_harmonization/check_report018_mobile_toc_collapse_defect.R,50235a780b2953ad2536a53e30619d6c7b03d06e14792fb530ad8d5d60157157,6676
audit/report_harmonization/report018_navigation_order67a_duplicate_id_gate_clarification.md,a8cf8f784a05d8a2eda59b24ee1cb5c7c918bb97d58ac7cbd7102539cb8fe989,2000
audit/report_harmonization/report018_navigation_order67a_dispatch_manifest.csv,53086ca8e49d1e998b0cc3b2f37b2616c98a2dd8bdb083622259da653585b174,5556
audit/report_harmonization/report018_navigation_order67a_dispatch.md,4e0b8762c5da593c03d6db5da171c6545aed89516b0bbce2682e50e206c2b814,1371
audit/report_harmonization/report018_navigation_order67a_dispatch_receipt_manifest.csv,069139066ea9b08a940aedd826f74bfbe5db7883a404b465f78b795756ac0136,1321
