Group,Metric,Matching omissions,Discordant site omissions,Transition range when present (h)
Light level,Mean melEDI,9/9,None,15.38–16.41
Light level,Brightest 10 h mean,8/9,Tübingen (DE),13.83–16.41
Light level,Darkest 10 h mean,8/9,Tübingen (DE),14.24–15.07
Duration and continuous period,"Time above 1,000 lx melEDI",8/9,Tübingen (DE),13.44–16.51
Duration and continuous period,Time above 250 lx melEDI during wake,8/9,Tübingen (DE),13.68–14.86
Duration and continuous period,Time below 10 lx melEDI before sleep,9/9,None,;
Duration and continuous period,Time below 1 lx melEDI during sleep,9/9,None,;
Duration and continuous period,Longest continuous period above 250 lx melEDI,5/9,Dortmund (DE); Madrid (ES); San José (CR); Kumasi (GH),15.05–16.20
Exposure history,melEDI dose,8/9,Tübingen (DE),13.76–15.99
