"check","pass","qualification"
"all_23_rows_once_in_order",FALSE,"Protected structure or text comparison, no scientific recalculation"
"17_metric_rows_14_columns",TRUE,"Protected structure or text comparison, no scientific recalculation"
"six_group_rows",TRUE,"Protected structure or text comparison, no scientific recalculation"
"all_17_image_payloads_exact",TRUE,"Protected structure or text comparison, no scientific recalculation"
"all_three_complete_headers",FALSE,"Protected structure or text comparison, no scientific recalculation"
"notes_only_last_part_and_exact",FALSE,"Protected structure or text comparison, no scientific recalculation"
"three_full_horizontal_column_sets",TRUE,"Protected structure or text comparison, no scientific recalculation"
"helper_numeric_rectangle_checks_empty",TRUE,"Protected structure or text comparison, no scientific recalculation"
"visual_no_clipping",FALSE,"Visual FAIL: Unit HH:MM and Scaling threshold are clipped in narrow fixed columns; numerical3-12 checks do not cover these columns"
