"relative_path","role","sha256","bytes","modified_utc","is_symlink","symlink_target"
"_build/nathealth/audit/hypotheses/H08/H08_analysis_preparation.html","h09_protected","cd0ce2210949559408d07bcbccac502d3b0a372b4229da70bdfc6dbe0c52f66b",732155,"2026-08-21T20:47:39.152911Z UTC",FALSE,""
"_build/nathealth/audit/hypotheses/H09/H09_analysis_preparation.html","dispatch_contract","4054dfc668365fdcb0d8cdedcb73900cbd3c471a1443fdcf37dfb4a1c9379d05",593181,"2026-08-10T15:13:14.029885Z UTC",FALSE,""
"_build/nathealth/notebooks/hypotheses/H08.html","h09_protected","472848d0da3e3996fa1727151048e3cab4a7e363dba3dc8eda8b024eb5a4ca9a",340040,"2026-08-21T19:45:13.255616Z UTC",FALSE,""
"_build/nathealth/notebooks/hypotheses/H09.html","dispatch_contract","901fd63b45182be70ef77166c418633220a7226d86f52e14d1c79afbfc7cdd16",244127,"2026-08-22T07:15:13.203920Z UTC",FALSE,""
"_build/nathealth/supplementary_information.html","h09_protected","a0b5d097b12ee4a7cbfbcd5cb4740f1eac81bf1c9dba1e4e00a9d5644bfec4eb",49234,"2026-08-20T10:07:18.760657Z UTC",FALSE,""
"_quarto-nathealth.yml","dispatch_contract","80dd05573b6c764272d0d0aa1c82571bdaab3cb2bee9ee34441e2456318708e3",7480,"2026-08-14T14:21:45.336235Z UTC",FALSE,""
"_quarto.yml","dispatch_contract","44e4a7435494d570baca6e7b0de75b15be015a52c811c076dd2b8b959d70f59c",2517,"2026-07-03T18:42:18.747725Z UTC",FALSE,""
".Rprofile","dispatch_contract","3f9d62fc3f1bf5888a09816101b705f9844ef4cd44ee5ad157f4168dac4af4d4",26,"2026-06-15T23:25:42.551280Z UTC",FALSE,""
"artifacts/06_model_data/H09/H09_author_approvals.csv","h09_artifact_or_input","a7788bb72fe19e68aa3f3116554ffc215299422596dc6863538fbfc069757070",1142,"2026-08-10T08:03:56.131660Z UTC",FALSE,""
"artifacts/06_model_data/H09/H09_base_bundle_audit.csv","h09_artifact_or_input","21e8a8f965de898e88fc3ab6702e3b26472be3b345e7aa0f4e39df07a42255ae",491,"2026-08-11T23:55:46.880013Z UTC",FALSE,""
"artifacts/06_model_data/H09/H09_family_registry.csv","h09_artifact_or_input","92862d3d769d0822916a4b94c10dc71c56b4feae9547e7ba8903b05bc9121f44",375,"2026-08-10T08:03:56.476549Z UTC",FALSE,""
"artifacts/06_model_data/H09/H09_formula_registry.csv","h09_artifact_or_input","d315e77544ab99138dc72023360a0baac7d81ed3636a58fd76725ce3fefa233d",2898,"2026-08-10T08:03:56.559899Z UTC",FALSE,""
"artifacts/06_model_data/H09/H09_gap_common_sample_audit.csv","h09_artifact_or_input","53bc4d1d952ddf97a0805de4f8bd172f52e6b8b345003b2285d4003336c0d105",3963,"2026-08-10T08:03:58.577071Z UTC",FALSE,""
"artifacts/06_model_data/H09/H09_input_audit.csv","h09_artifact_or_input","be258bf523eadc318cf8926298e83275f64b38f5c5c4d1cc499f7841c0c2cafb",4253,"2026-08-11T23:55:46.873437Z UTC",FALSE,""
"artifacts/06_model_data/H09/H09_metric_display_audit.csv","h09_artifact_or_input","03e8d9a248b4d70c240e78dbfa7b78461fc20ec889976202a09067395cb2bdbd",2320,"2026-08-10T08:03:56.714307Z UTC",FALSE,""
"artifacts/06_model_data/H09/H09_metric_registry.csv","h09_artifact_or_input","3d42bee1dff468c59ab2dec47561002210cb2320dc83c9da582fcfbaf56f49ae",1815,"2026-08-10T08:03:56.211959Z UTC",FALSE,""
"artifacts/06_model_data/H09/H09_METRIC-011_excluded_shared_drift.csv","h09_artifact_or_input","91d9781466273385338432c7d86c68f35ae65ba828e547659d0cf69720b5b5b9",1266,"2026-08-11T23:55:47.437364Z UTC",FALSE,""
"artifacts/06_model_data/H09/H09_METRIC-011_input_transition.csv","h09_artifact_or_input","88dcd748ae57300a63f93caa76d94824836fbca622327744f8c053cd9186812b",2137,"2026-08-11T23:55:46.952048Z UTC",FALSE,""
"artifacts/06_model_data/H09/H09_METRIC-011_l10_frame_identity.csv","h09_artifact_or_input","3a378dc2782128d3aa63cbc66d5e8e63bf60acd26246e48ca9cef7ee709ad96a",983,"2026-08-11T23:55:47.110964Z UTC",FALSE,""
"artifacts/06_model_data/H09/H09_model_frame_by_site.csv","h09_artifact_or_input","0539a468bd23dfaab9b90f3e715e486d4e910b57bef0e2ab52bd57c4311f706f",118647,"2026-08-10T08:03:58.357478Z UTC",FALSE,""
"artifacts/06_model_data/H09/H09_model_frame_index.csv","h09_artifact_or_input","5a0fb42c30fa03d7f86c598d74455d7fca3bd8c3d4af957ae014f870e029fadb",39838,"2026-08-10T08:03:58.290662Z UTC",FALSE,""
"artifacts/06_model_data/H09/H09_model_frames.rds","h09_artifact_or_input","19389e7f2f24b662d041f96bd62cf18deccae0f038328f6358a50b18fc6480d5",167812,"2026-08-10T08:03:59.773919Z UTC",FALSE,""
"artifacts/06_model_data/H09/H09_non_estimable_targets.csv","h09_artifact_or_input","21008b6df7d70593bd3b60f8809164523be7133f58815005cbda4ba4243ff56d",3010,"2026-08-10T08:03:58.375359Z UTC",FALSE,""
"artifacts/06_model_data/H09/H09_paired_sample_audit.csv","h09_artifact_or_input","cfde6b0d653bfbe24a8a8d46714e4f326cbfc7f9eec2a181944839a75ed73ca2",2352,"2026-08-10T08:03:58.475369Z UTC",FALSE,""
"artifacts/06_model_data/H09/H09_predictor_registry.csv","h09_artifact_or_input","359e10349fa1776b2c3c3c65dcb5b82eeae5724b4621d519da5fa13e287eff01",357,"2026-08-10T08:03:56.309210Z UTC",FALSE,""
"artifacts/06_model_data/H09/H09_run_registry.csv","h09_artifact_or_input","83ad1810c1980d8d0bf90daeb8e731f2cd85b0a55103f49b3d1b2183e021a4c6",1364,"2026-08-10T08:03:56.401794Z UTC",FALSE,""
"artifacts/07_models/H09/H09_model_bundles.rds","h09_artifact_or_input","bda193d6eadaac0503619b2066e5181cd72da20daefd92305577570005dc261b",5798864,"2026-08-10T08:04:17.660379Z UTC",FALSE,""
"artifacts/07_models/H09/H09_model_fit_index.csv","h09_artifact_or_input","cbd2b3c1890b939a55f7e103a467ad236522286ec5814a5a5757ec9400dd91a3",146552,"2026-08-10T08:04:09.120802Z UTC",FALSE,""
"artifacts/07_models/H09/H09_v0_model_objects.rds","h09_artifact_or_input","b7615e7f2ea507eca541176c903c22c6b45cdea778184536936bf5de91e5d62a",676628,"2026-08-10T08:04:53.575916Z UTC",FALSE,""
"artifacts/08_diagnostics/H09/H09_chronotype_score_audit.csv","h09_artifact_or_input","357b3294e210ba4591e15a7b54e0c31671bdb6e61dc9b5ffae711fa4d3c31ce3",512,"2026-08-10T08:03:56.771233Z UTC",FALSE,""
"artifacts/08_diagnostics/H09/H09_chronotype_value_audit.csv","h09_artifact_or_input","b5f35b00af20f198b75f15278e3e7d4ba58f4f97b123aeb88cea60f2d67cbb18",19422,"2026-08-10T08:03:56.879124Z UTC",FALSE,""
"artifacts/08_diagnostics/H09/H09_clock_support.csv","h09_artifact_or_input","0f9cfd1624691e9bccd92afb5bfb831b2f34a13236f926bef8fc98e74956cce0",10982,"2026-08-10T08:04:50.889177Z UTC",FALSE,""
"artifacts/08_diagnostics/H09/H09_diagnostic_assessment_registry.csv","h09_artifact_or_input","ff46eb58ab51141a5f13d5650444cc4f23ac63277340f2564b2cd4649d424ea4",127076,"2026-08-10T08:04:51.413157Z UTC",FALSE,""
"artifacts/08_diagnostics/H09/H09_diagnostic_author_adjudication.csv","h09_artifact_or_input","d3810b038ae450f4c32b8e62f9597b67635c50ddfd92d2b374670b9c804bddd7",21037,"2026-08-10T08:04:51.331629Z UTC",FALSE,""
"artifacts/08_diagnostics/H09/H09_diagnostic_target_summary.csv","h09_artifact_or_input","eaba3054164df505a8c2cf59e7fd1036e40b386446e2e60667062d9bc584048c",4681,"2026-08-10T08:04:51.542263Z UTC",FALSE,""
"artifacts/08_diagnostics/H09/H09_diagnostic_thresholds.csv","h09_artifact_or_input","e0c6d8ad44b593d1aec06d8174837025394497dafee6a16b90709f457d52e08c",963,"2026-08-10T08:03:56.641567Z UTC",FALSE,""
"artifacts/08_diagnostics/H09/H09_fit_gates.csv","h09_artifact_or_input","3b5b08f05ba82f474567f7eb3b7dd72d2e53c4167ee5589090d7fcd565832982",10815,"2026-08-10T08:04:50.900473Z UTC",FALSE,""
"artifacts/08_diagnostics/H09/H09_leave_one_site_out_summary.csv","h09_artifact_or_input","6a45eec5b9313e7f4e191a6e949b3a19de351f4b48829bfe56fb7ed015d202df",10145,"2026-08-10T08:04:50.672318Z UTC",FALSE,""
"artifacts/08_diagnostics/H09/H09_leave_one_site_out.csv","h09_artifact_or_input","f388a465eda6405908910cf6b3b2a8d2698c6510ee183b2f30eb4e8938dc8cae",102390,"2026-08-10T08:04:50.625529Z UTC",FALSE,""
"artifacts/08_diagnostics/H09/H09_linearity_diagnostics.csv","h09_artifact_or_input","86d562ca587de5f3be9fbf1d572aa7ff63f71c11f0abe7097f2fc1ab0180dc33",11059,"2026-08-10T08:04:49.898840Z UTC",FALSE,""
"artifacts/08_diagnostics/H09/H09_participant_influence_summary.csv","h09_artifact_or_input","267674750eb7d3c41548915d4dac5ba65a6e6adc6d5ed59c27a6b01143b8649e",10757,"2026-08-10T08:04:50.506163Z UTC",FALSE,""
"artifacts/08_diagnostics/H09/H09_participant_influence.csv","h09_artifact_or_input","7ce3fe65b3944b79c23c43b4642db52ddcc4c07020d619737e25daa84dcfa8fe",1777954,"2026-08-10T08:04:50.410655Z UTC",FALSE,""
"artifacts/08_diagnostics/H09/H09_residual_diagnostics.csv","h09_artifact_or_input","f5add8ecf3419a3093babdfa7e11675e73c459a662397dbbbb5b9b8899821c3a",12646,"2026-08-10T08:04:49.671560Z UTC",FALSE,""
"artifacts/08_diagnostics/H09/H09_serial_diagnostics.csv","h09_artifact_or_input","523201f4f306ea426c53ec3fec04bf496357edf5ded333b402b374c24955dfa5",10384,"2026-08-10T08:04:49.801843Z UTC",FALSE,""
"artifacts/08_diagnostics/H09/H09_site_support.csv","h09_artifact_or_input","15afc3501ae3d24558fe4e8e12e87fd028d855ce61c6b3a125f596fbe9135ef3",9759,"2026-08-10T08:04:50.902878Z UTC",FALSE,""
"artifacts/09_tables/H09/H09_ar1_sensitivity.csv","h09_artifact_or_input","dbbdb047eecf2bd120be42fd401a26a8c46d77ae07d375345f174822333c6159",16322,"2026-08-10T08:04:50.933625Z UTC",FALSE,""
"artifacts/09_tables/H09/H09_family_audit.csv","h09_artifact_or_input","895701a1c286842bdda523375ae0790296fa7a64f748383d14bd58df3e3e2e22",5066,"2026-08-10T08:04:09.365810Z UTC",FALSE,""
"artifacts/09_tables/H09/H09_fifth_outcome_sensitivity.csv","h09_artifact_or_input","71c7f9795aaffacff29baab49c33275b92c0081673d502b6fd3ada45624bd8e3",3418,"2026-08-10T08:04:51.214515Z UTC",FALSE,""
"artifacts/09_tables/H09/H09_gap_timing_unaware_sensitivity.csv","h09_artifact_or_input","057aad30063b690e012def7b2862d8e599045baa46172083d043bf3cad9671f2",26677,"2026-08-10T08:04:51.103031Z UTC",FALSE,""
"artifacts/09_tables/H09/H09_l10_cut_sensitivity.csv","h09_artifact_or_input","4a3c04b81e1b05df9e4696cc5c8a95e575393f4a29e03434a665a34321907cde",2914,"2026-08-10T08:04:50.819577Z UTC",FALSE,""
"artifacts/09_tables/H09/H09_model_effects.csv","h09_artifact_or_input","1053329412e52364959f99c34f3a20587da06636190a136a2b78de35af535b66",77677,"2026-08-10T08:04:09.297566Z UTC",FALSE,""
"artifacts/09_tables/H09/H09_model_results_master.csv","h09_artifact_or_input","d7a09b4d2954f13cafca37193415f58ae11216e695fcbc8b39ca676d75077321",115263,"2026-08-10T08:04:09.465237Z UTC",FALSE,""
"artifacts/09_tables/H09/H09_model_tests.csv","h09_artifact_or_input","f593699dba8e60a67e55e13daf5eada7c93c0fa4359e4424a477453f2e5862b1",119460,"2026-08-10T08:04:09.175729Z UTC",FALSE,""
"artifacts/09_tables/H09/H09_paired_placement_effects.csv","h09_artifact_or_input","ecc9fe09a1e823ec6b45b2b28239e56bf773a6d8a8c0bb458413e1e2e9b170b0",8394,"2026-08-10T08:04:50.949615Z UTC",FALSE,""
"artifacts/09_tables/H09/H09_participant_summary_sensitivity.csv","h09_artifact_or_input","e464b5c3f29325aa728af746e982fd67cf783264b013e19830e67aa1aa32d5a9",14772,"2026-08-10T08:04:50.931529Z UTC",FALSE,""
"artifacts/09_tables/H09/H09_photoperiod_sensitivity.csv","h09_artifact_or_input","e71fa9d19b74a90ae887ceef076a084dd9e5a4ddb32830abed5ed561414c5625",15506,"2026-08-10T08:04:50.927489Z UTC",FALSE,""
"artifacts/09_tables/H09/H09_site_specific_slopes.csv","h09_artifact_or_input","23cdb15cdbe3909e0dabe558cd41879368c267989fa4014dc0da0577e733e4a6",419052,"2026-08-10T08:04:09.304653Z UTC",FALSE,""
"artifacts/09_tables/H09/H09_v0_reproduction.csv","h09_artifact_or_input","ef566d10248780130b9abba0f807d502d143905b26ab62371fe7d387f26fd910",4138,"2026-08-10T08:04:52.400806Z UTC",FALSE,""
"artifacts/09_tables/H09/H09_v0_to_stage2_comparison.csv","h09_artifact_or_input","c5db7fb40298325503e6d387fc2f7cfd2e8206c7ede333d4613a0b844d534419",7769,"2026-08-10T08:04:52.511853Z UTC",FALSE,""
"artifacts/10_figures/H09/H09_diagnostics_chest.pdf","dispatch_contract","1f8dd115d2e249f23acaa7560c8df432418f129c97f733cea5177f675997f09c",696614,"2026-08-22T06:21:23.915033Z UTC",FALSE,""
"artifacts/10_figures/H09/H09_diagnostics_chest.png","dispatch_contract","dcced15b55b9f4abd912f1fbad0ccd3eaddcbabe820b41591350601df29f0f1a",2874977,"2026-08-22T06:21:23.914357Z UTC",FALSE,""
"artifacts/10_figures/H09/H09_diagnostics_near_eye.pdf","dispatch_contract","e63794d0eaad64d0fe8fd65f31e9e4a8162a6dbf50f047a1af2caf18f78f3db5",628572,"2026-08-22T06:21:23.914844Z UTC",FALSE,""
"artifacts/10_figures/H09/H09_diagnostics_near_eye.png","dispatch_contract","cfb7136446dabf79334933f0677ba0db89b4a3052f1871ced3e90dbc3ed7d5b5",2795403,"2026-08-22T06:21:23.913828Z UTC",FALSE,""
"artifacts/10_figures/H09/H09_paired_placement_effects.pdf","dispatch_contract","e3371426b6a2c7a3d2db32ce5641697fad1aec6592b86a80d316ec81d54a7ea2",16853,"2026-08-22T06:21:23.914603Z UTC",FALSE,""
"artifacts/10_figures/H09/H09_paired_placement_effects.png","dispatch_contract","ae6fc387a28a840d57ad5088dc446f3ab902136cb9038a7f119ace2db7a6a4be",131504,"2026-08-22T06:21:23.913342Z UTC",FALSE,""
"artifacts/10_figures/H09/H09_primary_effects.pdf","dispatch_contract","69275a6a3fbfa7bd0b47efa4f53cb61ccbe3c7a776f146148f58026f4329357f",17941,"2026-08-22T06:21:23.914502Z UTC",FALSE,""
"artifacts/10_figures/H09/H09_primary_effects.png","dispatch_contract","8525b9dda4a635efe2d8410e6eeb6a99722c6bc0d225f09abe684a73595dc4dd",162887,"2026-08-22T06:21:23.913114Z UTC",FALSE,""
"artifacts/10_figures/H09/H09_v0_chest_recreation.pdf","h09_artifact_or_input","8cf88beea0e452906ace63d601b3d38ca5895baf4c750d6f3eb1cec12982e224",189662,"2026-08-10T08:04:57.036759Z UTC",FALSE,""
"artifacts/10_figures/H09/H09_v0_chest_recreation.png","h09_artifact_or_input","1ad09d57531df119e222bff5f54dba86ea1d526a1fa91e23447ccf06dbd320e2",1987878,"2026-08-10T08:04:56.741006Z UTC",FALSE,""
"artifacts/10_figures/H09/H09_v0_near_eye_recreation.pdf","h09_artifact_or_input","0fcda9c826e8c7d5485db9481694124d0e892435ca006b2e616eb678183814d8",177726,"2026-08-10T08:04:56.166606Z UTC",FALSE,""
"artifacts/10_figures/H09/H09_v0_near_eye_recreation.png","h09_artifact_or_input","45c02ab445ebfbf2ef8a6ab0563bd721d51f8e61ee0b4c4c121fa4bc5cec9ff6",1936975,"2026-08-10T08:04:55.860543Z UTC",FALSE,""
"artifacts/11_source_data/H09/H09_linearity_curve_data.csv","h09_artifact_or_input","8912611efb18135b870b0996876c75b84714fad998a5e7a53f5cfcbfad2dc0aa",1167014,"2026-08-10T08:04:49.995243Z UTC",FALSE,""
"artifacts/11_source_data/H09/H09_paired_placement_effects_data.csv","dispatch_contract","ecc9fe09a1e823ec6b45b2b28239e56bf773a6d8a8c0bb458413e1e2e9b170b0",8394,"2026-08-10T08:04:50.978518Z UTC",FALSE,""
"artifacts/11_source_data/H09/H09_primary_diagnostic_figure_data.csv","dispatch_contract","b3119775c6725295b54af0fea735d89b892f4e9dcea94c9ff564248e5345854a",9773267,"2026-08-10T08:04:57.070204Z UTC",FALSE,""
"artifacts/11_source_data/H09/H09_primary_diagnostic_plot_data.csv","h09_artifact_or_input","f0fb02f9a4a71747765d22066e5c6cc2dca7f0a48d87133e63669c95b67ab0ec",9369552,"2026-08-10T08:04:49.727608Z UTC",FALSE,""
"artifacts/11_source_data/H09/H09_primary_effects_data.csv","dispatch_contract","3972ae75c9aef8551cc85f50d7a438b35b7a55dca58d81f3630133132a25aaf6",6778,"2026-08-10T08:04:53.698242Z UTC",FALSE,""
"artifacts/11_source_data/H09/H09_v0_observed_figure_data.csv","h09_artifact_or_input","ed2fa6028f7c77cbb0f2bcb2fe03bfdc5359e17567bc7803f0abcb770b298855",1719951,"2026-08-10T08:04:55.056483Z UTC",FALSE,""
"artifacts/11_source_data/H09/H09_v0_prediction_figure_data.csv","h09_artifact_or_input","c045602d6262e72700a5ecdba7ce713b4703b7573b8f2dc094cb77672137b0c9",176553,"2026-08-10T08:04:55.124865Z UTC",FALSE,""
"artifacts/12_manifests/H09/H09_execution_record.csv","h09_artifact_or_input","2eb09e7d6b425807ce85564c53a27f69f576ac21b3753b889a38b76a9387bc24",721,"2026-08-10T08:05:01.480637Z UTC",FALSE,""
"artifacts/12_manifests/H09/H09_figure_manifest.csv","dispatch_contract","74c0f444f5670ec86b319f09836e2fb670ebba768f81b0bbdeeaf989159f15ce",4360,"2026-08-22T06:14:39.768832Z UTC",FALSE,""
"artifacts/12_manifests/H09/H09_METRIC-011_provenance_reseal_manifest.csv","h09_artifact_or_input","cb4e0701c0f642c36e138ef670af373eeeef850e538a991af32bcf7f63583cad",6164,"2026-08-11T23:55:47.736404Z UTC",FALSE,""
"artifacts/12_manifests/H09/H09_METRIC-011_scientific_identity.csv","h09_artifact_or_input","9f49733db1a678fbd990fb88494901da15851c127aab6bbc2405eb5808e35b9d",16669,"2026-08-11T23:55:47.380083Z UTC",FALSE,""
"artifacts/12_manifests/H09/H09_package_versions.csv","h09_artifact_or_input","135b4ecd2d2cf0a15611aecda8ac274d57f9db8dc81ec5b4a307cee8d3492013",218,"2026-08-10T08:05:01.362511Z UTC",FALSE,""
"artifacts/12_manifests/H09/H09_preparation_report_manifest.csv","h09_artifact_or_input","8e1d633262b33df64e45f0fc3fd677f4bb1e8a69120cb76a9b152509b94f0aaf",35323,"2026-08-10T15:13:14.221261Z UTC",FALSE,""
"artifacts/12_manifests/H09/H09_stage2_artifacts.csv","h09_artifact_or_input","f46c93d36165c456f65e85ba55c7ea39c877f0c5a002e8ce9883748765633f9e",16202,"2026-08-10T08:24:22.445445Z UTC",FALSE,""
"artifacts/12_manifests/H09/H09_stage3_artifacts.csv","h09_artifact_or_input","0103aad8bf3b2424358fc139b85b95564054745b180a80d1e12c27ff72e1bef2",24678,"2026-08-10T14:26:13.401832Z UTC",FALSE,""
"audit/decisions/gap_timing_unaware_dataset_terminology.md","h09_protected","c68ecb5b81639fddaa035ca2787ad43d1dd5106b7238f2f6d20db4d5df36a306",2153,"2026-08-01T11:41:41.507523Z UTC",FALSE,""
"audit/decisions/l10_numerical_zero_normalization.md","h09_protected","23b9f70d1d16f7fd3ebbdbc57aaf78c0a701fe1f9d22bd667d926cd320d40797",5435,"2026-08-11T23:30:14.584115Z UTC",FALSE,""
"audit/decisions/model_reporting.md","h09_protected","1cb3d5735dcb736f563eed881daf7dcf6e6ed7a4fb75b38201dd753e4927157a",10496,"2026-08-03T06:16:04.084089Z UTC",FALSE,""
"audit/decisions/p_value_display_conventions.md","h09_protected","ced1651242141d933bf7b3c7b67778bc89fe6d0e901fd5de8aca6fc64eaac772",2686,"2026-08-01T11:19:13.442162Z UTC",FALSE,""
"audit/decisions/paired_placement_comparison_display.md","h09_protected","0b88908040aa4c649cb0c98d71f075e36dee266fd90a58180cfacbf7002001b4",3561,"2026-08-01T11:21:50.580475Z UTC",FALSE,""
"audit/decisions/site_display_conventions.md","h09_protected","771f4429e7e3317126de69b680593bb4572a784700d4b84ff566ea8ab2b0eed8",2618,"2026-07-31T16:30:32.252192Z UTC",FALSE,""
"audit/handoffs/H09_shared_change_request.md","h09_protected","55359601c238a0c2d107f4f42b00b99d0c9b130c40fbd5ee636fce3507e54723",6965,"2026-08-11T23:56:03.226135Z UTC",FALSE,""
"audit/handoffs/H09_worker_handoff.md","h09_protected","f6a596f9c2ac8ad295e13d2283026c5068da57af36914cccb662620da861fcf4",20162,"2026-08-11T23:56:02.539209Z UTC",FALSE,""
"audit/hypotheses/H08/H08_analysis_preparation.qmd","h09_protected","3eeeda47c909be2ca32bf234af18f2d690f1c3e7b26e854f7311c0d8300f6f2d",57777,"2026-08-12T17:46:52.621995Z UTC",FALSE,""
"audit/hypotheses/H09/01_audit_and_plan.html","h09_protected","aa833ff2c8aabaf9cecf9cb71872c2e06d9f9e29e62283f74fa62e8f679c79c3",1698669,"2026-08-07T12:38:46.085403Z UTC",FALSE,""
"audit/hypotheses/H09/01_audit_and_plan.qmd","h09_protected","e6ff16937c01e37b5e7b0b43269c7860344bbd4abd11b2c060f53c52fbe7a892",83062,"2026-08-07T12:37:53.451714Z UTC",FALSE,""
"audit/hypotheses/H09/02_implementation_and_v0_comparison.html","h09_protected","955387638b350596e0296cc7ede954d3c8920b430af161b8f919fe1c637af3ef",14054288,"2026-08-10T08:06:54.823336Z UTC",FALSE,""
"audit/hypotheses/H09/02_implementation_and_v0_comparison.qmd","h09_protected","d05c1f69bf3a55f78bb56f7b970a711f45675b988e6351fec205adf919fcc412",43767,"2026-08-10T08:06:21.918683Z UTC",FALSE,""
"audit/hypotheses/H09/H09_analysis_preparation_files/figure-html/fig-h09-prep-sample-support-1.png","h09_protected","3116032e2bab0ad904a5cca5cb6353b5c0554e576cf076596671e31ed2caa775",129472,"2026-08-10T15:09:01.659908Z UTC",FALSE,""
"audit/hypotheses/H09/H09_analysis_preparation_files/libs/bootstrap/bootstrap-138a6193a3bd40baf1e627da441a4734.min.css","h09_protected","a20d3d44875fd0fbe2eadf1dc56573a7a052bd9bd9eddb1d4965d913189ad5ec",430952,"2026-08-10T15:09:02.801000Z UTC",FALSE,""
"audit/hypotheses/H09/H09_analysis_preparation_files/libs/bootstrap/bootstrap-icons.css","h09_protected","01253947f506e030589e4f33fc7ec7ccdfb9505e2e596dedf16445f12e243c0a",99464,"2026-04-09T10:01:33.000000Z UTC",FALSE,""
"audit/hypotheses/H09/H09_analysis_preparation_files/libs/bootstrap/bootstrap-icons.woff","h09_protected","f55513b7b591cb84a3b87ff0e34ea24d4831d6fedc22e54b911ca64b5b544a15",180288,"2026-04-09T09:56:20.000000Z UTC",FALSE,""
"audit/hypotheses/H09/H09_analysis_preparation_files/libs/bootstrap/bootstrap.min.js","h09_protected","d2ea6c1e0cabca20d18e924b25a1cd0187c38ba7c33f60ab06e1b0402b9bcdb5",80668,"2026-04-09T10:01:33.000000Z UTC",FALSE,""
"audit/hypotheses/H09/H09_analysis_preparation_files/libs/clipboard/clipboard.min.js","h09_protected","e17a1d816e13c0826e0ed7febfabc3277f45571234bde0bf9120829a7169edc9",9160,"2026-04-09T10:01:33.000000Z UTC",FALSE,""
"audit/hypotheses/H09/H09_analysis_preparation_files/libs/quarto-diagram/mermaid-init.js","h09_protected","a68a1b7deabddb8dafadefbeec74f61f0e0c549539547843a3189a2665f3ea7a",14113,"2026-04-09T10:01:33.000000Z UTC",FALSE,""
"audit/hypotheses/H09/H09_analysis_preparation_files/libs/quarto-diagram/mermaid.css","h09_protected","7cde9e49bfab3857c4bd590b86c15c2f46d4b4bdc4af4c9cc3e0480cbd249562",281,"2026-04-09T10:01:33.000000Z UTC",FALSE,""
"audit/hypotheses/H09/H09_analysis_preparation_files/libs/quarto-diagram/mermaid.min.js","h09_protected","07e37dfa97b337ccc85365d57eddf99b9706f09db3b59b260d0333b23b343c4b",2748992,"2026-04-09T09:56:20.000000Z UTC",FALSE,""
"audit/hypotheses/H09/H09_analysis_preparation_files/libs/quarto-html/anchor.min.js","h09_protected","69098e105d990f834cff1b7886d873444228ff63c590e5ff834d568f1115ed8b",5888,"2026-04-09T10:01:33.000000Z UTC",FALSE,""
"audit/hypotheses/H09/H09_analysis_preparation_files/libs/quarto-html/popper.min.js","h09_protected","4d50586b184724d39ddfe0f6582861664eddd5e806e5a79e0dbaa832361414d0",20084,"2026-04-09T10:01:33.000000Z UTC",FALSE,""
"audit/hypotheses/H09/H09_analysis_preparation_files/libs/quarto-html/quarto-syntax-highlighting-7f8f88aac4f3542376d5c11b86a4c14d.css","h09_protected","96d688dbd4c2de66404fd9b0e75d5b62573cbece9ee7011ca24d8bce1bbe044c",3678,"2026-04-17T08:27:22.227999Z UTC",FALSE,""
"audit/hypotheses/H09/H09_analysis_preparation_files/libs/quarto-html/quarto.js","h09_protected","4ecb60f215d96b2af0fe9d985c71e32863b1c993a64725a416ac18b5991c59c6",26830,"2026-04-09T10:01:33.000000Z UTC",FALSE,""
"audit/hypotheses/H09/H09_analysis_preparation_files/libs/quarto-html/tabsets/tabsets.js","h09_protected","a9c226bf70e82eaf5476f619cecfb70b4446b87ce4d1634d6404b0b2ba006d15",2882,"2026-04-09T10:01:33.000000Z UTC",FALSE,""
"audit/hypotheses/H09/H09_analysis_preparation_files/libs/quarto-html/tippy.css","h09_protected","5969f497d9158d7682f8219c6f13fa67269cdf5bf50a3931d95327151dee5678",1409,"2026-04-09T10:01:33.000000Z UTC",FALSE,""
"audit/hypotheses/H09/H09_analysis_preparation_files/libs/quarto-html/tippy.umd.min.js","h09_protected","41181eeec6d7ba64cb9165f0e95563e34e026bde79e7c13aeec83270429b6fae",24033,"2026-04-09T10:01:33.000000Z UTC",FALSE,""
"audit/hypotheses/H09/H09_analysis_preparation.html","h09_protected","4054dfc668365fdcb0d8cdedcb73900cbd3c471a1443fdcf37dfb4a1c9379d05",593181,"2026-08-10T15:09:04.289155Z UTC",FALSE,""
"audit/hypotheses/H09/H09_analysis_preparation.qmd","dispatch_contract","7563a933289b1c4a2275eead58ae8cfaa6492fb0a27b7202f4a9be516eb88a46",47901,"2026-08-12T18:13:53.169772Z UTC",FALSE,""
"audit/hypotheses/H09/H09_METRIC-011_provenance_reseal.csv","h09_protected","6553be927f37fcf2720ca6da0bff045a535e5457910ca611fb7d01bef2deb6ce",2043,"2026-08-11T23:55:47.544573Z UTC",FALSE,""
"audit/hypotheses/H09/H09_METRIC-011_provenance_reseal.md","h09_protected","e3d101975986c49c6e313fc740cdbb32c2ec07ab97c218315177bd8e9f2a3154",4514,"2026-08-11T23:54:56.534495Z UTC",FALSE,""
"audit/hypotheses/H09/H09_stage1_gate_and_stage2_transition.md","h09_protected","f13862886a47dbb7bbbfe62b4292bc567b14bc4b5e9427e7c285315e7d9acaff",4635,"2026-08-10T15:12:40.032109Z UTC",FALSE,""
"audit/hypotheses/H09/H09_stage2_gate_and_stage3_transition.md","h09_protected","49ae7fa6d0a06948a26cd5e46a37e99a86e8d4b2ab0a1a4e280dbf564112bf57",2247,"2026-08-10T08:03:43.180979Z UTC",FALSE,""
"audit/hypotheses/H09/H09_stage3_gate_and_stage4_transition.md","h09_protected","ad6c4d045e63aad5a6d57691ee297e740a0f91f26bc3b7cc4caef306cd9d0ba3",1409,"2026-08-10T14:12:16.290987Z UTC",FALSE,""
"audit/hypotheses/H09/report018_order56_result_render/001__build__nathealth__notebooks__hypotheses__H09.html_gt_semantic_ledger.csv","h09_protected","47ce3ee4425f071ec581c18b55733af8acd7bac86c26eaf080335462bb3d153a",98930,"2026-08-21T22:29:25.181169Z UTC",FALSE,""
"audit/hypotheses/H09/report018_order56_result_render/browser_console_warn_error.json","h09_protected","37517e5f3dc66819f61f5a7bb8ace1921282415f10551d2defa5c3eb0985b570",3,"2026-08-21T22:38:31.402446Z UTC",FALSE,""
"audit/hypotheses/H09/report018_order56_result_render/browser_qa_measurements.json","h09_protected","5ac87e8a96f7ae5a8759ccd025d218283b873fdb26789fcaee95bb875a31649d",19299,"2026-08-21T22:38:31.399522Z UTC",FALSE,""
"audit/hypotheses/H09/report018_order56_result_render/build_delta_postrender.csv","h09_protected","94c2c99c1d53cddaeba0e4e57b5f9b5bdb6ea98bf015dde1d8be4ad34bf171d5",804,"2026-08-21T22:29:27.699346Z UTC",FALSE,""
"audit/hypotheses/H09/report018_order56_result_render/build_inventory_postqa.csv","h09_protected","6720965efa3c95f5a8995436f2bdcb4d75820246d67a9d62bdebc3a633cff578",185785,"2026-08-21T22:41:41.092291Z UTC",FALSE,""
"audit/hypotheses/H09/report018_order56_result_render/build_inventory_postrender.csv","h09_protected","6720965efa3c95f5a8995436f2bdcb4d75820246d67a9d62bdebc3a633cff578",185785,"2026-08-21T22:29:21.896008Z UTC",FALSE,""
"audit/hypotheses/H09/report018_order56_result_render/build_inventory_prerender.csv","h09_protected","b78061019bd232746d376c4c781879966fe0425547aa929003e1e088961708e1",185785,"2026-08-21T22:26:02.369482Z UTC",FALSE,""
"audit/hypotheses/H09/report018_order56_result_render/build_symlink_inventory_postqa.csv","h09_protected","7b08ede9a3c66e6d672a273a702458b2bc8f5c44c89da587c48958696c7cb7c1",25,"2026-08-21T22:41:41.165923Z UTC",FALSE,""
"audit/hypotheses/H09/report018_order56_result_render/build_symlink_inventory_postrender.csv","h09_protected","7b08ede9a3c66e6d672a273a702458b2bc8f5c44c89da587c48958696c7cb7c1",25,"2026-08-21T22:29:21.957131Z UTC",FALSE,""
"audit/hypotheses/H09/report018_order56_result_render/build_symlink_inventory_prerender.csv","h09_protected","7b08ede9a3c66e6d672a273a702458b2bc8f5c44c89da587c48958696c7cb7c1",25,"2026-08-21T22:26:02.636302Z UTC",FALSE,""
"audit/hypotheses/H09/report018_order56_result_render/coordination_matrix_classification_prerender.csv","h09_protected","d7f9238ebac3e77017c4c7447a02c8c5b8d55b32ea655418443e4cb6dec3076a",400,"2026-08-21T22:26:03.058893Z UTC",FALSE,""
"audit/hypotheses/H09/report018_order56_result_render/country_site_audit.csv","h09_protected","7f2e1016fa3feb57910b11a06c3273d62aa720b89c9d376e3e6f4d2410ac806d",864,"2026-08-21T22:29:27.673213Z UTC",FALSE,""
"audit/hypotheses/H09/report018_order56_result_render/dispatch_reconciliation_prerender.csv","h09_protected","95e3dbaf94299b0e9c2c9230475c0f7fc49e3291d321d7f7879c8224c9f6fe3c",10304,"2026-08-21T22:26:03.051892Z UTC",FALSE,""
"audit/hypotheses/H09/report018_order56_result_render/duplicate_id_audit.csv","h09_protected","ec2e530bdc20f4e327dcb65143c43199395218aa10bb12862757fd8a2ab16538",15,"2026-08-21T22:29:26.725441Z UTC",FALSE,""
"audit/hypotheses/H09/report018_order56_result_render/dynamic_link_audit.csv","h09_protected","220694ed454443a5bd297209af5189c5a0c2a88f300678e46d7bb53a9963e2ab",218,"2026-08-21T22:29:27.679832Z UTC",FALSE,""
"audit/hypotheses/H09/report018_order56_result_render/embedded_defect_audit.csv","h09_protected","9e2cdb9deb9c0bee661736a00c30dd225ef6130aaf6c304192d4d3ffb3ee19f6",266,"2026-08-21T22:29:27.684287Z UTC",FALSE,""
"audit/hypotheses/H09/report018_order56_result_render/figure_endpoint_audit.csv","dispatch_contract","b87ef58d69039b718b0ad559b80d0fbd80f474a8e6d8ed2541cb0ae55cb5b9ba",4140,"2026-08-21T22:29:27.224790Z UTC",FALSE,""
"audit/hypotheses/H09/report018_order56_result_render/figure_final_size_typography_audit.csv","dispatch_contract","56f768072d1b9d977d47ddb4f4ca4b068e8feeb650228da6345973b9fb16bd0a",3146,"2026-08-21T22:29:28.562260Z UTC",FALSE,""
"audit/hypotheses/H09/report018_order56_result_render/figure_final_size_typography_prerender.csv","h09_protected","1a9b4c2aeddf2afc43b092fd029e82b5fac24c3d9697fe0e400236ab99e23ec8",3730,"2026-08-21T22:26:05.906750Z UTC",FALSE,""
"audit/hypotheses/H09/report018_order56_result_render/final_source_freeze_audit.csv","h09_protected","afdeab3cf16ba5f8784f8a0238e2ae97469b113358c177fe308b2f2fe7ea5c6b",928,"2026-08-21T22:41:44.584705Z UTC",FALSE,""
"audit/hypotheses/H09/report018_order56_result_render/formula_table_audit.csv","h09_protected","59b62c6ed4c27b00111bd451410d1c300ae3ddfc89b2d047a3b3ac5a1dbf4186",1211,"2026-08-21T22:29:27.270055Z UTC",FALSE,""
"audit/hypotheses/H09/report018_order56_result_render/gt_html_semantic_post_render_summary.csv","h09_protected","cda034b5548934e3b986e9a461116b4b6d0f56aa11dbcca18878922ba6414546",454,"2026-08-21T22:29:25.178867Z UTC",FALSE,""
"audit/hypotheses/H09/report018_order56_result_render/historical_tests_prerender_audit.csv","h09_protected","b1e0642fc2ea58ba6b3bf61c7ed357835b4656142679657a0f65f2b76979c1e3",416,"2026-08-21T22:26:05.929810Z UTC",FALSE,""
"audit/hypotheses/H09/report018_order56_result_render/loopback_exit_audit.csv","h09_protected","6889665c5d712542998d41cde839212b401b19a3cc20cd929db7178bb93c25ca",333,"2026-08-21T22:41:44.765248Z UTC",FALSE,""
"audit/hypotheses/H09/report018_order56_result_render/loopback_exit_probe.csv","h09_protected","c60ef7c21ede92be6e51a39c70d625e0b330ce8545c67e2110ef87e3859ce878",311,"2026-08-21T22:41:18.156887Z UTC",FALSE,""
"audit/hypotheses/H09/report018_order56_result_render/loopback_lifecycle.csv","h09_protected","3863e79b6021cf45ebd02d8d42a60a11e6da8e8c16f4d69901d24cc57c91851f",387,"2026-08-21T22:39:24.590879Z UTC",FALSE,""
"audit/hypotheses/H09/report018_order56_result_render/nonvisual_status.csv","dispatch_contract","5a9ed002f3cd62550a6b826235c3efe209e04db9a44fbd1b037c7e78fe6ce107",1814,"2026-08-21T22:29:28.564373Z UTC",FALSE,""
"audit/hypotheses/H09/report018_order56_result_render/order56_evidence_manifest.csv","dispatch_contract","a9ed20cdafbc27a826574be3337e5a7769b1fff7f129bb0b12a347b490ba7ace",22521,"2026-08-21T22:41:45.110682Z UTC",FALSE,""
"audit/hypotheses/H09/report018_order56_result_render/ORDER56_FAIL_CLOSED_STOP.md","dispatch_contract","6f1d5900c51ecc9f7215ecb080d8f1cf0bc10d476e3c0baddb10610f8f8135e5",1241,"2026-08-21T22:41:44.775521Z UTC",FALSE,""
"audit/hypotheses/H09/report018_order56_result_render/phase4_manifest_prerender_audit.csv","h09_protected","6dba07591dc563e2297015e1a60bf3af654aed6c0d3aafeebc57a7a21b870f78",475,"2026-08-21T22:26:05.923657Z UTC",FALSE,""
"audit/hypotheses/H09/report018_order56_result_render/phase4_manifest_transition.csv","h09_protected","351a1bb303c09b07ccfdfb1f801923e69fbb5d0a9a286588a650ba6e75b6e0f6",439,"2026-08-21T22:29:28.559899Z UTC",FALSE,""
"audit/hypotheses/H09/report018_order56_result_render/postqa_rehash_reconciliation.csv","h09_protected","51372a814142284b70cee0dd4f467f0056ae31d35e11d8294ada53f606d5f845",139,"2026-08-21T22:41:44.549480Z UTC",FALSE,""
"audit/hypotheses/H09/report018_order56_result_render/preflight_status.csv","h09_protected","f1012d4f593a49d202af86a3df67190945aacc500e18c9502044641263366cf8",1034,"2026-08-21T22:26:06.096651Z UTC",FALSE,""
"audit/hypotheses/H09/report018_order56_result_render/process_probe_prerender.csv","h09_protected","4e09f274b7c336c62b253d6c52a4750d756cece125d4236daab615950d114363",294,"2026-08-21T22:25:12.136924Z UTC",FALSE,""
"audit/hypotheses/H09/report018_order56_result_render/protected_inventory_postqa.csv","h09_protected","88ae07f53e39cfd90050da865005b406ae0e0f8b50986a8da2fad4d1b1d1dbcd",34270,"2026-08-21T22:41:42.467039Z UTC",FALSE,""
"audit/hypotheses/H09/report018_order56_result_render/protected_inventory_postrender.csv","h09_protected","88ae07f53e39cfd90050da865005b406ae0e0f8b50986a8da2fad4d1b1d1dbcd",34270,"2026-08-21T22:29:23.068123Z UTC",FALSE,""
"audit/hypotheses/H09/report018_order56_result_render/protected_inventory_prerender.csv","h09_protected","32699d8e319e71fe7dff1f651662ce7fa48c97212eb4c7e2499c5eddcaff25ab",34270,"2026-08-21T22:26:04.225081Z UTC",FALSE,""
"audit/hypotheses/H09/report018_order56_result_render/protected_reconciliation_postrender.csv","h09_protected","90b8f16e39127e795d2c94c8b4e5ba9b59cc4e1d94771a3b7d261ec77fb1d157",39077,"2026-08-21T22:29:27.702864Z UTC",FALSE,""
"audit/hypotheses/H09/report018_order56_result_render/reader_link_audit.csv","h09_protected","798698334a1d76422bfc3c40e5456ccff7228f016dc95abed6b010f1fcae10c0",4789,"2026-08-21T22:29:27.580807Z UTC",FALSE,""
"audit/hypotheses/H09/report018_order56_result_render/reader_phrase_audit.csv","h09_protected","485a8d0f3f63dfb3ff4d9a0c6b26147f435e70604e2444f9ac1848d09404a9f5",911,"2026-08-21T22:29:27.584329Z UTC",FALSE,""
"audit/hypotheses/H09/report018_order56_result_render/render_console_classification.csv","h09_protected","e2451c38b515f14cf641897331757408062e8139e1bf05b8caf15614ba849996",237,"2026-08-21T22:29:25.169389Z UTC",FALSE,""
"audit/hypotheses/H09/report018_order56_result_render/render_console.log","h09_protected","49669a0abd7b15cd69a80979cb646ab7cb6d7f3a38ce128bdae26b4ffaed6ffa",2636,"2026-08-21T22:27:39.255548Z UTC",FALSE,""
"audit/hypotheses/H09/report018_order56_result_render/render_execution.csv","h09_protected","77e7e8bd03c10705ee137c55aabf1ee5b446f3b27c9a2d74b0f2ba984ca68bd3",387,"2026-08-21T22:27:39.331686Z UTC",FALSE,""
"audit/hypotheses/H09/report018_order56_result_render/rendered_scientific_contract.csv","h09_protected","3b308e95e64f3311ba91732e457bf9448212805001be82a43304f8f037278c77",404,"2026-08-21T22:29:27.668065Z UTC",FALSE,""
"audit/hypotheses/H09/report018_order56_result_render/scientific_contract_prerender.csv","h09_protected","bb8c3f9456ffe98358d76fdecea39612b41c0475109c231a2ac0ac35e12b7882",1115,"2026-08-21T22:26:04.715293Z UTC",FALSE,""
"audit/hypotheses/H09/report018_order56_result_render/semantic_directory_prerender.csv","h09_protected","5acf7ab1623cab12dc2a85e3a7818f807d66fb19d66697b72ddca831bc73006f",117,"2026-08-21T22:26:03.070210Z UTC",FALSE,""
"audit/hypotheses/H09/report018_order56_result_render/semantic_invariance_audit.csv","h09_protected","ff716f6ef6b5078f90c11b22dc51533ac09f77c1ae7ab4de9c995da8196ce5f5",1228,"2026-08-21T22:29:26.712213Z UTC",FALSE,""
"audit/hypotheses/H09/report018_order56_result_render/semantic_reverse_audit.csv","h09_protected","985228224f85834936ee37ef6557de88a66de89ea56e6a53d04a727d65ffdb19",762,"2026-08-21T22:29:26.605065Z UTC",FALSE,""
"audit/hypotheses/H09/report018_order56_result_render/served_root_symlink_audit.csv","h09_protected","b1d1a1ad1eab6e657d357dd4410fb6066fbd93e860fe0405185ec333876065cb",82,"2026-08-21T22:30:02.935059Z UTC",FALSE,""
"audit/hypotheses/H09/report018_order56_result_render/source_chunk_audit_prerender.csv","h09_protected","c1bcf2af69739436d31a32d734010a8b58db2a3490beafd3406326703ff45af9",208,"2026-08-21T22:26:04.635596Z UTC",FALSE,""
"audit/hypotheses/H09/report018_order56_result_render/source_endpoint_contract_prerender.csv","h09_protected","5dfda2b4180a3121737fe106ac35bd3a8a1ac2e789bb8fb0efae81005ca5a61a",1087,"2026-08-21T22:26:04.637172Z UTC",FALSE,""
"audit/hypotheses/H09/report018_order56_result_render/source_formula_order_prerender.csv","h09_protected","9e930e2b583d622741c6805afcdcf6937fb46152ff3aedcd4898801c440fd021",424,"2026-08-21T22:26:04.695039Z UTC",FALSE,""
"audit/hypotheses/H09/report018_order56_result_render/source_prohibited_call_audit_prerender.csv","h09_protected","cf14f34200e65ab6bca53294ee40cc0efeb88af549004a09939522849f9063bc",1191,"2026-08-21T22:26:04.658030Z UTC",FALSE,""
"audit/hypotheses/H09/report018_order56_result_render/source_reader_targets_prerender.csv","h09_protected","d00f181cfd9f180fcc4a5cf1412073ca1b718ca83fea883016428e205ceeab1b",2713,"2026-08-21T22:26:04.663494Z UTC",FALSE,""
"audit/hypotheses/H09/report018_order56_result_render/source_scientific_contract_prerender.csv","h09_protected","9a6cfedbf34d236b8f40de9afb60ead815bca9117251eb0707187bb3726f043d",1174,"2026-08-21T22:26:04.680151Z UTC",FALSE,""
"audit/hypotheses/H09/report018_order56_result_render/stage3_manifest_postrender_audit.csv","h09_protected","dad3b92eea862fb20a4ee022c36fb13196f4a221148d625024f80a71a2ee6d84",8061,"2026-08-21T22:29:28.550003Z UTC",FALSE,""
"audit/hypotheses/H09/report018_order56_result_render/stage3_manifest_prerender_audit.csv","h09_protected","0c8d6b9d4092d207ea1966f4532be097863b4a1b6b485ec41f29b435727f56c1",22561,"2026-08-21T22:26:05.693728Z UTC",FALSE,""
"audit/hypotheses/H09/report018_order56_result_render/table_endpoint_audit.csv","h09_protected","1601fd56859053d81e5d882c1f195b4df63112a59e466c1eafdd0294f3e7d6e7",1492,"2026-08-21T22:29:26.857254Z UTC",FALSE,""
"audit/hypotheses/H09/report018_order56_result_render/table_header_reference_audit.csv","h09_protected","9f5bef8868d1eca82fa4fdf8dcdf83d165e253cb59f1c231b6d5cef29c1fc95e",28122,"2026-08-21T22:29:27.552688Z UTC",FALSE,""
"audit/hypotheses/H09/report018_order56_result_render/verify_order56_h09_result.R","dispatch_contract","c9e07d201defaebe4823d61b8fee3bcf6fce2cac3c90311c0c1e1c4d62b28ed0",79864,"2026-08-21T22:41:08.235567Z UTC",FALSE,""
"audit/hypotheses/H09/report018_order56_result_render/versions_prerender.csv","h09_protected","b456d3f37a0aeecfbe63bf0e25e8f970c57cff80180f03799cfb126f9fdb5b4e",117,"2026-08-21T22:26:06.093143Z UTC",FALSE,""
"audit/hypotheses/H09/report018_order56_result_render/visual_1440x1000_clip_diagnostics_chest.png","h09_protected","4297f7117d96191f7068205376ac91e7568fb273aaab71f089eab28c5f767166",110052,"2026-08-21T22:36:54.811539Z UTC",FALSE,""
"audit/hypotheses/H09/report018_order56_result_render/visual_1440x1000_clip_diagnostics_near.png","h09_protected","71c412d17528332141ac6d8c9c42f9270ecb21c974c507b9fdd1ffc9cc644407",109684,"2026-08-21T22:36:54.635008Z UTC",FALSE,""
"audit/hypotheses/H09/report018_order56_result_render/visual_1440x1000_clip_interactions_checks.png","h09_protected","2dc0dfc36c672767371c98dca48007ec452b88cb580a84c2b92e54443d604c9f",129277,"2026-08-21T22:36:54.460946Z UTC",FALSE,""
"audit/hypotheses/H09/report018_order56_result_render/visual_1440x1000_clip_paired.png","h09_protected","d7d4e71e77f49ff3b0cadcb238a56dfdaecdcf78238b72bd48ccf839a239605c",89190,"2026-08-21T22:36:54.237048Z UTC",FALSE,""
"audit/hypotheses/H09/report018_order56_result_render/visual_1440x1000_clip_provenance.png","h09_protected","76313b4b32bd8053e0af5f0f00ade66378be427931c3480addb1cf3817c6b3fa",56054,"2026-08-21T22:36:55.475394Z UTC",FALSE,""
"audit/hypotheses/H09/report018_order56_result_render/visual_1440x1000_clip_samples_primary.png","h09_protected","1ceb4dadfdbcf8dc672ae38a5587bb7cf19850b3ee020643535de210c91fcd77",97630,"2026-08-21T22:36:54.047831Z UTC",FALSE,""
"audit/hypotheses/H09/report018_order56_result_render/visual_1440x1000_clip_sensitivities.png","h09_protected","1be710aa486cf5ef87ee1baafaf9e425ee912ee93f6becc27e5e82e5cdc6db00",134282,"2026-08-21T22:36:55.075441Z UTC",FALSE,""
"audit/hypotheses/H09/report018_order56_result_render/visual_1440x1000_clip_top.png","h09_protected","e5b43c675378832ff3de3c08308260cd586f63243579291dfb8872b2d97e6b40",151832,"2026-08-21T22:36:53.742164Z UTC",FALSE,""
"audit/hypotheses/H09/report018_order56_result_render/visual_1440x1000_full.png","h09_protected","13f5fb794c55f2dd45f4e645ff813879d25da1a1742e9d2185660c50494e02e4",1515907,"2026-08-21T22:31:56.103118Z UTC",FALSE,""
"audit/hypotheses/H09/report018_order56_result_render/visual_170mm_diagnostics_chest.png","h09_protected","257f4123026d8de97f21ddde48b6f7a53f40a7b07528800c73894faef0cc061d",77194,"2026-08-21T22:37:32.848776Z UTC",FALSE,""
"audit/hypotheses/H09/report018_order56_result_render/visual_170mm_diagnostics_near_eye.png","h09_protected","5c855eeb46c533c93cc90fe6df712063d188f1ebd74b7f72d205a0dd31c2db1a",72443,"2026-08-21T22:37:32.659062Z UTC",FALSE,""
"audit/hypotheses/H09/report018_order56_result_render/visual_170mm_paired_placement.png","h09_protected","ab7e69012b2d950a919cb468b048ed637308f10ca13071c43e7080296049f929",43661,"2026-08-21T22:37:32.363193Z UTC",FALSE,""
"audit/hypotheses/H09/report018_order56_result_render/visual_170mm_primary_effects.png","h09_protected","216a7e0a1f5faf65ea121315f7734285510357ef9ecc539e35f1ecca764359b1",46519,"2026-08-21T22:37:32.091648Z UTC",FALSE,""
"audit/hypotheses/H09/report018_order56_result_render/visual_708x1000_clip_diagnostics_chest.png","h09_protected","ae019a6424849e34c4de2676cb5374513f830687199bccb3ce4b7525d9a54594",78913,"2026-08-21T22:36:29.592934Z UTC",FALSE,""
"audit/hypotheses/H09/report018_order56_result_render/visual_708x1000_clip_diagnostics_near.png","h09_protected","1830c8f0c200cc2d808718c34548aa637aeada4b3b91cbfe271da2b778a1c143",73400,"2026-08-21T22:36:29.356825Z UTC",FALSE,""
"audit/hypotheses/H09/report018_order56_result_render/visual_708x1000_clip_interactions.png","h09_protected","d48382ada1893523b611a1b5c64617c71d753fe6f6be0618c7fc03afac265329",87610,"2026-08-21T22:36:28.946595Z UTC",FALSE,""
"audit/hypotheses/H09/report018_order56_result_render/visual_708x1000_clip_interpretation.png","h09_protected","bd75dab4f1de84db95b1fd944878771a3c3fd9115d851c2b451b7a988c83933b",92544,"2026-08-21T22:36:30.126807Z UTC",FALSE,""
"audit/hypotheses/H09/report018_order56_result_render/visual_708x1000_clip_metrics_formulas.png","h09_protected","9333b931b69a9abee791b88e986da39bb06f200cb52a2086d53772d6ae4660f3",95485,"2026-08-21T22:36:28.131103Z UTC",FALSE,""
"audit/hypotheses/H09/report018_order56_result_render/visual_708x1000_clip_model_checks.png","h09_protected","c8f818ef02697bcb6481618af31c2a4e7d0d7cd1b795f528984f0be52b80f828",84221,"2026-08-21T22:36:29.051635Z UTC",FALSE,""
"audit/hypotheses/H09/report018_order56_result_render/visual_708x1000_clip_paired.png","h09_protected","c38e7ba454742eeec858b636788c5c679222bfc157cb8027f41681a1adeb7f8a",68686,"2026-08-21T22:36:28.704890Z UTC",FALSE,""
"audit/hypotheses/H09/report018_order56_result_render/visual_708x1000_clip_primary_chest.png","h09_protected","e3c86cd95a5e3ac2596518b3d852842e3bbaa081f4644e048befc8329f9dd954",76397,"2026-08-21T22:36:28.544963Z UTC",FALSE,""
"audit/hypotheses/H09/report018_order56_result_render/visual_708x1000_clip_primary.png","h09_protected","e3c86cd95a5e3ac2596518b3d852842e3bbaa081f4644e048befc8329f9dd954",76397,"2026-08-21T22:35:50.513916Z UTC",FALSE,""
"audit/hypotheses/H09/report018_order56_result_render/visual_708x1000_clip_provenance.png","h09_protected","b02fcc24fadd5eeba1fc77f0518d7e6146a74d3dc7a14941cb8d4b65fea33850",61051,"2026-08-21T22:36:30.301408Z UTC",FALSE,""
"audit/hypotheses/H09/report018_order56_result_render/visual_708x1000_clip_samples.png","h09_protected","05bec0e00578766ee68db67d7c0d3c8ab84868379ae805b786f887f0767e4a7d",73155,"2026-08-21T22:36:28.326037Z UTC",FALSE,""
"audit/hypotheses/H09/report018_order56_result_render/visual_708x1000_clip_sensitivities.png","h09_protected","4078300fcaf223cea343d8d568621c4a68855a3ff3cdd8076a40a41ea64487f0",86726,"2026-08-21T22:36:29.921891Z UTC",FALSE,""
"audit/hypotheses/H09/report018_order56_result_render/visual_708x1000_clip_top.png","h09_protected","ba5420aec380f03cb533bc20f6e8da912b7230b797144bf58741e2148f88b1cd",95186,"2026-08-21T22:36:27.917431Z UTC",FALSE,""
"audit/hypotheses/H09/report018_order56_result_render/visual_708x1000_full.png","h09_protected","e3a7da0d87ef9b9e9c6be347184a506d0327d7585acbf497bd4f9645da469ffa",1147987,"2026-08-21T22:32:33.911080Z UTC",FALSE,""
"audit/hypotheses/H09/report018_order56_result_render/visual_720x500_clip_diagnostics.png","h09_protected","b6444c2e06013c7c981ce64b86d03e6a27a6d618d03203f0eb6f306ef6927644",36924,"2026-08-21T22:36:42.460621Z UTC",FALSE,""
"audit/hypotheses/H09/report018_order56_result_render/visual_720x500_clip_formulas.png","h09_protected","37497467ccbf1a3a415554021540c4fcd39922278f1e462c412cf7b7c536e8ce",50716,"2026-08-21T22:36:42.039321Z UTC",FALSE,""
"audit/hypotheses/H09/report018_order56_result_render/visual_720x500_clip_primary.png","h09_protected","66cb19f373fd44d11fee5c8d93bf0478719643b1482b4d77e694eecaa757a984",35907,"2026-08-21T22:36:42.185659Z UTC",FALSE,""
"audit/hypotheses/H09/report018_order56_result_render/visual_720x500_clip_provenance.png","h09_protected","d9f54a6f3ec999c14226ee753b0f3c97f1d2e27f2b062a28ea2f130e1880169e",41401,"2026-08-21T22:36:42.762019Z UTC",FALSE,""
"audit/hypotheses/H09/report018_order56_result_render/visual_720x500_clip_sensitivities.png","h09_protected","37436a9f0925345f493715030e022884c5c5258bb495603afecd01f2c0688bfc",43991,"2026-08-21T22:36:42.648089Z UTC",FALSE,""
"audit/hypotheses/H09/report018_order56_result_render/visual_720x500_clip_top.png","h09_protected","3384de616bea3b3e2162170bad9544ba1443dcdedb9840c6530da0de7317307d",47683,"2026-08-21T22:36:41.806881Z UTC",FALSE,""
"audit/hypotheses/H09/report018_order56_result_render/visual_720x500_full.png","h09_protected","3c91d23a71629a5bf07cba3e9c6459af72f5e0eafaa3a985bd99c3127b3f2f68",1158699,"2026-08-21T22:32:54.721810Z UTC",FALSE,""
"audit/hypotheses/H09/report018_order56_result_render/visual_qa_status.csv","dispatch_contract","b59f1ca55635315e22dc637aa347493a2f9f83c039447f72276790d3abec800a",2201,"2026-08-21T22:40:21.140551Z UTC",FALSE,""
"audit/hypotheses/H09/report018_order56_result_render/visual_screenshot_manifest.csv","h09_protected","b85237e2af753d9d5abdea92acbe775d57e21d6194f52c29bdd5af9d8da8396f",7908,"2026-08-21T22:41:44.754570Z UTC",FALSE,""
"audit/ledgers/change_log.csv","central_ledger","734d313e41171d280ce97d1ce7ff74c3ea68bd7c604a51409feb0ecd5d968a42",212363,"2026-08-20T22:13:56.187896Z UTC",FALSE,""
"audit/ledgers/claim_provenance.csv","central_ledger","910ddeb476e08bf95ce53e238594f530ab2c30df0e21800bc6b664d77b83f095",15353,"2026-08-01T16:15:10.144255Z UTC",FALSE,""
"audit/ledgers/decision_register.csv","central_ledger","7424b0ada651534f6108ce90b96343c27f47cefb7c0fbe7cb4c5b2eeb19911e6",147325,"2026-08-20T22:13:55.934347Z UTC",FALSE,""
"audit/ledgers/deviation_hypothesis_crosswalk.csv","central_ledger","ff1b99af72c778b668601d845f6b968cb8a4c845dc8b4687237df11de9ddd3f9",11230,"2026-08-12T11:22:19.582061Z UTC",FALSE,""
"audit/ledgers/deviation_reader_dispositions.csv","central_ledger","0ae6f9d0ea161759d1a514c3c8ca7ac6869f5cf7634e7af8198224fa8b5cac6d",52495,"2026-08-12T14:56:07.300032Z UTC",FALSE,""
"audit/ledgers/deviation_register.csv","central_ledger","87dfe055c5961f30d5dc68903c2af8389e14eab75398d0ee5d362473ce1ca131",63585,"2026-08-11T15:14:32.382839Z UTC",FALSE,""
"audit/ledgers/external_evidence_ledger.csv","central_ledger","c8d2f22123d016912daa7f0558ca2eada7933a2764f589cd50b91f5737772383",5735,"2026-07-30T03:21:01.680427Z UTC",FALSE,""
"audit/ledgers/finding_register.csv","central_ledger","0b55b1044d8acbc2b291da0816a32bde68b24e6e6811d49451ff3bb40c78e45d",60649,"2026-08-11T23:35:03.057877Z UTC",FALSE,""
"audit/ledgers/hypothesis_comparison_status.csv","central_ledger","0d15bf069cac3e65b0120aade0ced08938a14378b76f233db33d67ec27cf0edd",7886,"2026-08-13T13:14:52.096449Z UTC",FALSE,""
"audit/ledgers/hypothesis_contracts.csv","central_ledger","878d887ef9a1c48b1b364a7cab8a052c2220e3510eed18401c5819f09fdbf640",11710,"2026-08-01T12:47:36.941502Z UTC",FALSE,""
"audit/ledgers/hypothesis_data_sensitivity_comparisons.csv","central_ledger","604e79fdb020c611338f08a4fd6429a095cdc2c74ae34d1bad26f6e78f3eedc5",3575,"2026-08-01T16:15:09.478182Z UTC",FALSE,""
"audit/ledgers/hypothesis_implementation_audit.csv","central_ledger","a9287d8bfa569a2824194b0e093197c7f7ce972ac7d97ebea0498393b2adf481",3832,"2026-08-01T16:15:09.038721Z UTC",FALSE,""
"audit/ledgers/hypothesis_result_comparisons.csv","central_ledger","c489f1232293ab959b687cf1b4aeaefbf07e92cdca00568dc1f26207a10f911a",5248,"2026-08-01T16:15:09.261178Z UTC",FALSE,""
"audit/ledgers/hypothesis_stage_gates.csv","central_ledger","1a5f9d70db3d315367368197d91c2406621b773d3c1c4bf0e78a808965875820",4579,"2026-08-14T15:48:44.583482Z UTC",FALSE,""
"audit/ledgers/metric_validity.csv","central_ledger","b3016e2f56109444c3cd7ad8f73a1e6928592ac05c5e05fd3407cf870faa0b71",29732,"2026-08-11T23:35:03.554083Z UTC",FALSE,""
"audit/ledgers/result_differences.csv","central_ledger","b1a43d15d27130f541e71f3cc185628a65aa3af4488d46d1a3058c4fb331015c",34472,"2026-08-11T15:13:05.135566Z UTC",FALSE,""
"audit/ledgers/reviewer_feedback_disposition.csv","central_ledger","5ebb863dd2671ef468d9e3b5a0d5bed0720337480be4188a2da98099a89e7fac",8094,"2026-07-29T22:00:56.833827Z UTC",FALSE,""
"audit/ledgers/sample_flow.csv","central_ledger","57d969a093dbbc66bc0f9f98a24d2d74242248a48caf42e1d76ac23577fadd30",34820,"2026-08-11T15:13:18.213902Z UTC",FALSE,""
"audit/ledgers/software_versions.csv","central_ledger","9171aced04d33a348f3a4ba29f67953b30e0cefa71d9c424f916e233a5376f92",6140,"2026-07-30T05:44:34.604493Z UTC",FALSE,""
"audit/report_harmonization/coordination_matrix.csv","coordination_evidence_only","d171f7c241b1c2a28a3005bf8a48f6f04ce882d1732b9ddbebd155e21c7ea6ba",36788,"2026-08-22T07:03:08.826235Z UTC",FALSE,""
"audit/report_harmonization/deviation_link_plan.csv","h09_protected","89ff952248bedb7ad7b9ce1a0652ec0046c99ea34e52832778a4f17ec2176051",8748,"2026-08-12T20:02:08.515683Z UTC",FALSE,""
"audit/report_harmonization/owner_orders/56_h09_result_report018_render.md","dispatch_contract","6af0122bbe33399ac1d90351c06d538c163e6e472410800ba4b8750dbc169854",10028,"2026-08-21T21:55:10.177740Z UTC",FALSE,""
"audit/report_harmonization/owner_orders/56a_h09_consolidated_figure_typography_repair_and_result_rerender.md","dispatch_contract","7515c2539bb2841bf18af3293bfaff1820494a145381db696db6a2a72220b635",11137,"2026-08-21T22:59:01.492163Z UTC",FALSE,""
"audit/report_harmonization/phase4_corpus_manifest.csv","h09_protected","73f1a371f8352f1baf69d38f1613de1a662112642370b0cc89798b4d6d469334",11937,"2026-08-20T20:46:39.755187Z UTC",FALSE,""
"audit/report_harmonization/phase4_gt_source_audit.csv","h09_protected","2c265f89e48e98f3575fb2032f5523cf649a6d8356f7667cf68f451bb6f49921",60870,"2026-08-13T08:32:25.805183Z UTC",FALSE,""
"audit/report_harmonization/report018_h09_order56_consolidated_display_repair_concurrence_manifest.csv","dispatch_contract","23c38a47b6d177218f734ac2f09b3ad4f36bc67627da5891941b8a5203ba0265",4123,"2026-08-21T22:57:49.081610Z UTC",FALSE,""
"audit/report_harmonization/report018_h09_order56_consolidated_display_repair_concurrence.md","dispatch_contract","d874576ef3250e139dfc65b68af54742cb0f0ccc444cd1ec19cfbf3b5115d192",13031,"2026-08-21T22:56:59.440630Z UTC",FALSE,""
"audit/report_harmonization/report018_h09_order56_dispatch_manifest.csv","dispatch_contract","e7ccebebc2c8da84908556c0f26dce22b81cff5be47e7c2899a6877014615442",7235,"2026-08-21T21:56:22.226088Z UTC",FALSE,""
"audit/report_harmonization/report018_h09_order56_stopped_independent_acceptance_manifest.csv","dispatch_contract","02dcf6491b22fa154a7036c6badb4f0ea510f54978f92665210cf9dfd43029f5",6637,"2026-08-21T22:53:54.291243Z UTC",FALSE,""
"audit/report_harmonization/report018_h09_order56_stopped_independent_acceptance.md","dispatch_contract","1c470541bcd7a125a7332d256389f4b5776075b5923de6f88019c5d0c5b75c28",4643,"2026-08-21T22:52:36.451037Z UTC",FALSE,""
"audit/report_harmonization/report018_h09_order56_stopped_independent_verification.csv","dispatch_contract","c840236e8c5c84465c1ae3147aaa99b5c8cc36c9124734b872701ca84a2029aa",2170,"2026-08-21T22:51:00.000756Z UTC",FALSE,""
"audit/report_harmonization/report018_h09_result_release_manifest.csv","dispatch_contract","51feb12b928136c0816b626985524f3052fc3dfde66a759db345c0574ca38c5b",6805,"2026-08-21T21:53:55.932171Z UTC",FALSE,""
"audit/report_harmonization/report018_h09_result_release.md","dispatch_contract","68482d5bb752dc2a47f5b666cb7c8e3ca5289488a442f43d50cf55012b56103c",10380,"2026-08-21T21:52:48.688621Z UTC",FALSE,""
"config/metric_display_registry.csv","h09_protected","c82db05a77cc50ce5b9dbd459c90997fa6bb7d87c0b8e880c1bf8186fad06ed0",3203,"2026-08-11T08:12:02.336452Z UTC",FALSE,""
"config/site_display_registry.csv","h09_protected","3d669d459ecc27d3154bbb5ff5b0d64cb510805d486b45264443228c44a6d809",295,"2026-07-31T16:30:32.129117Z UTC",FALSE,""
"notebooks/hypotheses/H08.qmd","h09_protected","1b6b50b21e22d60909a65b125ce74be54829e5efc10de33f888fcd294c7374b1",44031,"2026-08-12T17:41:58.255393Z UTC",FALSE,""
"notebooks/hypotheses/H09.qmd","dispatch_contract","c738a4365d01497030a260691ceff35fd5c2dab478148fd28676e27981e203c6",36970,"2026-08-12T18:08:45.029656Z UTC",FALSE,""
"notebooks/preregistration_deviations.qmd","h09_protected","b542018a0e127b280fc5a106928d8689307c420f2e62913f4047d5c4c292bc6d",94061,"2026-08-12T15:07:16.122053Z UTC",FALSE,""
"renv.lock","dispatch_contract","3bf99c633fb123626eb14d29f0847b91f71030c92e90331fe401e3204bca8350",603493,"2026-07-31T21:37:26.338044Z UTC",FALSE,""
"renv/activate.R","dispatch_contract","51798a35c2772b94b4a73ae7a7cc928975ff6e628a17bad1bc73d30defca82e6",39946,"2026-07-06T11:35:53.844646Z UTC",FALSE,""
"scripts/hypotheses/H09/build_h09_preparation_report_manifest.R","h09_protected","c7a320367e0115aee221a3a6ba5228a9a27ba55f734bd07881455b3159cebf56",9753,"2026-08-10T14:50:08.887443Z UTC",FALSE,""
"scripts/hypotheses/H09/build_h09_stage3_manifest.R","h09_protected","81a2c488ef399350489c27897729a9e0ea5879ebb5fc09f7c7afd6d8189c79c5",6987,"2026-08-10T08:15:41.983372Z UTC",FALSE,""
"scripts/hypotheses/H09/finalize_h09_figure_qa.R","h09_protected","8898f49aa1d39bbc52db292309144fb9267adee3cfed65a4144099ef17720f4c",1792,"2026-08-07T14:12:37.105358Z UTC",FALSE,""
"scripts/hypotheses/H09/h09_contract.R","h09_protected","458dc3c08f0cd74acecc790d30226d930839b3f8f252a3018085e35611de3cd1",16374,"2026-08-11T23:43:03.400658Z UTC",FALSE,""
"scripts/hypotheses/H09/h09_modeling.R","h09_protected","503e13bd955d4b0dc3fc1ee449eca31e681ad88cf029f70f6ab603dd523f8dc8",40104,"2026-08-07T13:37:56.089536Z UTC",FALSE,""
"scripts/hypotheses/H09/reseal_h09_metric011.R","h09_protected","656ed6450ecf94cc13d8303d1e0344f974b6342d41010bab4e90f06346a6acee",21911,"2026-08-11T23:52:42.428211Z UTC",FALSE,""
"scripts/hypotheses/H09/run_h09_stage2.R","dispatch_contract","4711057eacebdfc7ee9295d9f895e8ab73f60c0f7a51d0b03ea61459b7ac611c",92080,"2026-08-22T06:13:45.129615Z UTC",FALSE,""
"scripts/pipeline/hypothesis_preparation_provenance_contract.R","h09_protected","6afff45a29a0bb96a49dbf46e611fce15dfd1618b4699da40d4b1f15cdbed026",13175,"2026-08-01T09:35:52.292522Z UTC",FALSE,""
"scripts/pipeline/p_value_display.R","h09_protected","ea33b30d2c887b033c7e22e2358be7e403ce7116261a4d0c0fbc6bf214eeb1a2",1750,"2026-08-01T11:19:13.624003Z UTC",FALSE,""
"scripts/report_harmonization/check_h09_order56_stopped_acceptance.R","dispatch_contract","40807ca7788272984227b7afcea33ae509f0ace89d26862bf2e4f3e27ddcbaa2",13213,"2026-08-21T22:50:51.101250Z UTC",FALSE,""
"scripts/report_harmonization/post_render_gt_html_semantics.R","dispatch_contract","28c1105840834e95a37f84eaded9a2c595b9febd568fbc763daef247a53d7205",21453,"2026-08-14T14:37:28.939141Z UTC",FALSE,""
"scripts/report_harmonization/repair_gt_html_semantics.R","dispatch_contract","7c949930fec862a4ce783c28d0256d36cb45de7c017bd9fcbb7cb910599463d1",17747,"2026-08-14T13:30:58.508446Z UTC",FALSE,""
"tests/hypotheses/H09/test_h09_metric011_reseal.R","h09_protected","6685649ecd95067bcfb475fc4fee8d48b1728fcea7c6976b1371c588a178e503",8925,"2026-08-11T23:55:38.764323Z UTC",FALSE,""
"tests/hypotheses/H09/test_h09_preparation_report.R","dispatch_contract","9a243e391de7069179fcd0ccb7cc6813a5e779b1ae1bf7fcb52706349553dfe7",12824,"2026-08-10T15:08:46.771762Z UTC",FALSE,""
"tests/hypotheses/H09/test_h09_stage2.R","h09_protected","df354fd860cc1bde914a04ef1f14f9c390093b564eca52b91194cfface1f9d9f",16378,"2026-08-10T08:24:01.068094Z UTC",FALSE,""
"tests/hypotheses/H09/test_h09_stage3_reader_report.R","dispatch_contract","a0309e55d305b13be7571e404eb9650154f0ffc494c44b4512c833aa579d2bd1",17786,"2026-08-10T08:22:37.811678Z UTC",FALSE,""
