"page","image","sha256","exact_prior_page","prior_status","final_visual_review"
1,"qa/main/page-1.png","3cb9b0495a43fca8dda4aa0333357816049ba48e658ae30b2fa303cf28e6e5e3",1,"PASS","PENDING_ACTUAL_PAGE_INSPECTION"
2,"qa/main/page-2.png","74b74e08c2a41ba8a151628fdb8f5b1a027ecd74e15a6abb69de593fe717ae9b",2,"PASS","PENDING_ACTUAL_PAGE_INSPECTION"
3,"qa/main/page-3.png","e963bcb9b8ac79ef77bae0627fb9ab6139da3fc95a72ad3ece317afa45a91654",3,"PASS","PENDING_ACTUAL_PAGE_INSPECTION"
4,"qa/main/page-4.png","b851455dc91ddff01ee033b5734b27939649a0b49d1307426527f14e25819a15",4,"PASS_WITH_EXISTING_WHITESPACE","PENDING_ACTUAL_PAGE_INSPECTION"
5,"qa/main/page-5.png","50779a0a3d9e5fcb65d1e77c7272629a8b73fac682d4de185292fbc4f30ee62e",5,"PASS","PENDING_ACTUAL_PAGE_INSPECTION"
6,"qa/main/page-6.png","fb26c7847e73bb34a3e80c0e39195ca717f88ed47e7c77746dcac5145a54a5d1",6,"PASS","PENDING_ACTUAL_PAGE_INSPECTION"
7,"qa/main/page-7.png","e68e34aa737dd05dfdf6a4a0762b372071ab87f1cafe2057a1208fc953a8c55b",7,"PASS","PENDING_ACTUAL_PAGE_INSPECTION"
8,"qa/main/page-8.png","db5ce8665439b1a7132bb4d7c38a383d31a472476255d21fbe6b49312c9a5a9e",8,"PASS","PENDING_ACTUAL_PAGE_INSPECTION"
9,"qa/main/page-9.png","b6c1476bac57fc369fe4adf1eb2b9e03ccbf72640e9343f2a0bcbb772373bc7d",9,"PASS","PENDING_ACTUAL_PAGE_INSPECTION"
10,"qa/main/page-10.png","389091007fbc674a6a5b9b7919ee7db64599ce07d4f981b25978265f30831682",10,"PASS","PENDING_ACTUAL_PAGE_INSPECTION"
11,"qa/main/page-11.png","06dd81a3096092319dc02ca2dec0bd9af2dce39f9c95db5b02611913b3a202d3",11,"PASS","PENDING_ACTUAL_PAGE_INSPECTION"
12,"qa/main/page-12.png","fdf2908490099044788b569411d8864b00aa5845be0b51974c55b9d10f72ea1e",12,"PASS_WITH_EXISTING_WHITESPACE","PENDING_ACTUAL_PAGE_INSPECTION"
13,"qa/main/page-13.png","3cfcc06fed2a662a04ba0e20207e0d86548ac3408b4a11a6585774fa78d4b84f",13,"PASS","PENDING_ACTUAL_PAGE_INSPECTION"
14,"qa/main/page-14.png","a30a089b1c74985004a8ae6a1ea2205c1efd7464d4fa40c6d0a3d8803a51e2c9",14,"PASS","PENDING_ACTUAL_PAGE_INSPECTION"
15,"qa/main/page-15.png","1bd2162f3f8d5ca34dae40df7531d03eff5f01b34876a4d73e843d327134ec03",15,"PASS","PENDING_ACTUAL_PAGE_INSPECTION"
16,"qa/main/page-16.png","2a971a0e6a3bfcc75093a5a90682ad9d47cf73e4838dd1c96dfbec2c27c183c4",16,"PASS","PENDING_ACTUAL_PAGE_INSPECTION"
17,"qa/main/page-17.png","18b5a9f763df69d907637e4f2c70325f2c255141a3da798ac33af13751bf0bf3",17,"PASS","PENDING_ACTUAL_PAGE_INSPECTION"
18,"qa/main/page-18.png","aae688a71206ba3e13ffa444ddb8118891d040a7e8722169e7a7a9753c561db0",18,"PASS","PENDING_ACTUAL_PAGE_INSPECTION"
19,"qa/main/page-19.png","248c9bc8c12982bf8572b4a37b41c982df80c49c87725a7cfb45b188f7b8fff5",19,"PASS","PENDING_ACTUAL_PAGE_INSPECTION"
20,"qa/main/page-20.png","9ce268ef30e07ee27bf2f1bdcc517986177b2062bf62c0f92c5862acd2ff8a5c",20,"PASS","PENDING_ACTUAL_PAGE_INSPECTION"
21,"qa/main/page-21.png","9201ec9a083829d63571a536e3b2af615cf258777ef35af2477cef81227d0bce",21,"PASS","PENDING_ACTUAL_PAGE_INSPECTION"
22,"qa/main/page-22.png","373ae5e99c0d3a50402c9bde3aaae4280c573dd41603c01826053499615d33ea",22,"PASS","PENDING_ACTUAL_PAGE_INSPECTION"
23,"qa/main/page-23.png","2ac57c999d93d96322161074d8a6ac8f206e32def506409dcf877f063a3bbaa2",23,"PASS","PENDING_ACTUAL_PAGE_INSPECTION"
24,"qa/main/page-24.png","dbeb80078daf7c04e94f970788594643e9091a92239107d78e07767c11fb898a",24,"PASS_WITH_EXISTING_WHITESPACE","PENDING_ACTUAL_PAGE_INSPECTION"
25,"qa/main/page-25.png","de8ba55c6e0254d8fa8749b8981b140599a29e67b6ca087801b28a7e497294e9",25,"PASS","PENDING_ACTUAL_PAGE_INSPECTION"
26,"qa/main/page-26.png","8530b5d419d97f38be830652357b38fee4593cdecfed0abafe6e257614f0581d",26,"PASS","PENDING_ACTUAL_PAGE_INSPECTION"
27,"qa/main/page-27.png","1d0b9c386e7620a52843db84c7eb0d3a0da2c1a6543e5a9faf86897ea9071768",27,"PASS","PENDING_ACTUAL_PAGE_INSPECTION"
28,"qa/main/page-28.png","0a62d054c419b578faaafaa3b61530f15166d9e5528283156445a2b09d402734",28,"PASS_WITH_EXISTING_WHITESPACE","PENDING_ACTUAL_PAGE_INSPECTION"
29,"qa/main/page-29.png","34040232a0023307900161eea06bd8adcd0b63af3178afe4a1654803e75cbaef",29,"PASS","PENDING_ACTUAL_PAGE_INSPECTION"
30,"qa/main/page-30.png","bddc99ecc19bf3a5ff571e789283fe5977bc6e76ec5aa1f2aad6f014edfd183a",30,"PASS","PENDING_ACTUAL_PAGE_INSPECTION"
31,"qa/main/page-31.png","146fd68efa6e7b4f2416db003f18b3d5e6142c248781690f69936c97e70aa180",31,"PASS","PENDING_ACTUAL_PAGE_INSPECTION"
32,"qa/main/page-32.png","9561f44793e7e176aad25165a97af6b37bc4f434a5844fe1e9369ab91a23580b",32,"PASS","PENDING_ACTUAL_PAGE_INSPECTION"
33,"qa/main/page-33.png","a55788cd7753ad7e7ceaf68778fdb3206c03bd5b099d3f008ee7b0c8e4feb487",33,"PASS","PENDING_ACTUAL_PAGE_INSPECTION"
34,"qa/main/page-34.png","8deeb7e3dfb6ef77e827a675decc01a0082fce3ab8fd7ad4b3f9bb60f52d2430",34,"PASS","PENDING_ACTUAL_PAGE_INSPECTION"
35,"qa/main/page-35.png","5411ce36469a352bbdeae9345ec74773908ffdc325bb2ea8aff75b0f2a931fa3",35,"PASS","PENDING_ACTUAL_PAGE_INSPECTION"
36,"qa/main/page-36.png","c509a895fb178d64ba01da911ccd450dcd124a951eaf00bb54042daff60b1a14",36,"PASS","PENDING_ACTUAL_PAGE_INSPECTION"
37,"qa/main/page-37.png","f794f502afb0a9290acabc32ec7c59c4c024a6aa8732cab11f9737a107388c67",37,"PASS","PENDING_ACTUAL_PAGE_INSPECTION"
38,"qa/main/page-38.png","5a17b0329f052f2ee73ebef110f9161fa1d5baa453bdecdf2d83cebb5bce6029",38,"PASS","PENDING_ACTUAL_PAGE_INSPECTION"
39,"qa/main/page-39.png","ed5d45385c478d337ee735a13386f238b42991b8295d2f517900c3714f283768",39,"PASS_WITH_EXISTING_WHITESPACE","PENDING_ACTUAL_PAGE_INSPECTION"
40,"qa/main/page-40.png","d506546c269cbc5bb2e042b6e0dc996bc648311160ac279385d95837533005c1",40,"PASS","PENDING_ACTUAL_PAGE_INSPECTION"
41,"qa/main/page-41.png","fbabfe826f317a933ac2a6ddb5496d95bfcd99a64c7b25303afcd11d2fc814f1",41,"PASS","PENDING_ACTUAL_PAGE_INSPECTION"
42,"qa/main/page-42.png","198e3c23810f5312cf89b59a4bf0c76766a24c80f4a4e55416d5ff1970438080",42,"PASS","PENDING_ACTUAL_PAGE_INSPECTION"
43,"qa/main/page-43.png","008d16532f9ac63967e864c84d25a9819c984dc4346d3f12778f23c90f6fff9c",43,"PASS","PENDING_ACTUAL_PAGE_INSPECTION"
44,"qa/main/page-44.png","4bde73e2fa25d52867914f191d596d9b7232ff3ee58d01e25219a41c93ade473",44,"PASS","PENDING_ACTUAL_PAGE_INSPECTION"
45,"qa/main/page-45.png","3cf15e95834b211b117f81d04951523745212939d4e03838ba7d0a0a2aab1ec1",45,"PASS","PENDING_ACTUAL_PAGE_INSPECTION"
46,"qa/main/page-46.png","a5c7d598513069fd657d3df0b6c6fdbda51b68846dd2ac6d13dcd6974cad6156",46,"PASS","PENDING_ACTUAL_PAGE_INSPECTION"
47,"qa/main/page-47.png","3a13761e39640e8332978860229c7c2c78e58cf7cb90cefba2e7cc99969dd407",47,"PASS","PENDING_ACTUAL_PAGE_INSPECTION"
48,"qa/main/page-48.png","159616d7343dd272e60b8608ac29991cc86796a8b73934d3baeb0df15c09ff03",48,"PASS","PENDING_ACTUAL_PAGE_INSPECTION"
49,"qa/main/page-49.png","a7eb010a62e494336a6292fb8f615a368266aca06191b027aa7f0fb19c8e78a9",49,"PASS","PENDING_ACTUAL_PAGE_INSPECTION"
50,"qa/main/page-50.png","5a5adcb7ee7927deee40b64177d47163c573135e4526570ab88ede7aa1699e86",50,"PASS","PENDING_ACTUAL_PAGE_INSPECTION"
51,"qa/main/page-51.png","1d5317311152603643e38e3a2b4f72dfa9b742444a463a0bf4197ea23b779111",51,"PASS","PENDING_ACTUAL_PAGE_INSPECTION"
52,"qa/main/page-52.png","5b88ce226aeff547a135634256d74a5880b3d37bd5d878bbd4ad4421fc7bfd1f",52,"PASS","PENDING_ACTUAL_PAGE_INSPECTION"
53,"qa/main/page-53.png","11cb1664c6d00c4e5f0d7c9fd715d73e3a2daacb4e5126767840aa8cc9743d02",53,"PASS","PENDING_ACTUAL_PAGE_INSPECTION"
54,"qa/main/page-54.png","e5c71385c075fd99b3adb0b1c8a7030614cb55c7bf761e0ee5b20f510c99b11d",54,"PASS","PENDING_ACTUAL_PAGE_INSPECTION"
55,"qa/main/page-55.png","9c93d420afdfea535bb2505aaa32d15cfdc88177cfae37768369cef7e4bcad02",55,"PASS","PENDING_ACTUAL_PAGE_INSPECTION"
56,"qa/main/page-56.png","50072ac84cc1391ba3a6261a4a50d0073b1767fb0d1625412ed4c1016ea57194",56,"PASS","PENDING_ACTUAL_PAGE_INSPECTION"
57,"qa/main/page-57.png","3434c25afdcc8811d21a3af5aefd6d9d65baa335ab721a80abdd559971c3ca39",57,"PASS","PENDING_ACTUAL_PAGE_INSPECTION"
58,"qa/main/page-58.png","a75d712d76eca41892247bfca10cee0e887050b6e962cb6d38847423fa3e034d",58,"PASS","PENDING_ACTUAL_PAGE_INSPECTION"
59,"qa/main/page-59.png","ddcb7c28b62ceaddbb17528f34c8701a15a4930173060b3199afd8b8bfb36235",59,"PASS","PENDING_ACTUAL_PAGE_INSPECTION"
60,"qa/main/page-60.png","149751431494424f3ec6ac9a53f28d642d74fc50cb26015fb3d7adef5628de41",60,"PASS","PENDING_ACTUAL_PAGE_INSPECTION"
61,"qa/main/page-61.png","b9b8c745711ec838d6dc4ece7ee75187f9e1e5ee9a7bbdeb9798c138db96a25f",61,"PASS","PENDING_ACTUAL_PAGE_INSPECTION"
62,"qa/main/page-62.png","f6a4624a8ffc3d065cac986911b09164f77fb5973bb6889914d939eca2ffcf0f",62,"PASS","PENDING_ACTUAL_PAGE_INSPECTION"
63,"qa/main/page-63.png","7172e92e5b23dada1bce82b1521279783e59ed28eec107ce886a8b116c800725",63,"PASS","PENDING_ACTUAL_PAGE_INSPECTION"
64,"qa/main/page-64.png","39d889f345f26ae2e0afa0792c671f05d31f931ac5b0a5baf131083eee9fe8e8",64,"PASS","PENDING_ACTUAL_PAGE_INSPECTION"
65,"qa/main/page-65.png","6499e84e144a4035307197d964a8fac30d47408075188037f6002a2928d0ae83",65,"PASS","PENDING_ACTUAL_PAGE_INSPECTION"
66,"qa/main/page-66.png","caa94dbc93f44b33f334a9f058e28dad3312242a2cc4b10525ca74214990768d",66,"PASS","PENDING_ACTUAL_PAGE_INSPECTION"
67,"qa/main/page-67.png","dc80e7d6f1ffad7555b4d3c391c1b8df4d1503b1edf43e83c18237131217289c",67,"PASS","PENDING_ACTUAL_PAGE_INSPECTION"
68,"qa/main/page-68.png","0a42eb30e1b0585a8d30f5082407597feb0eec03a4033025fcde02a75a560a01",68,"PASS_WITH_PROTECTED_ARRANGEMENT","PENDING_ACTUAL_PAGE_INSPECTION"
69,"qa/main/page-69.png","b9d461695fbcaa6a49433ee3e72538b1fd6fe53bf1086ab8b664e13e86da605c",69,"PASS","PENDING_ACTUAL_PAGE_INSPECTION"
70,"qa/main/page-70.png","846e07e209ba0ef1b8b96e8aae396670aa7c9ae68c2b056954c94be501930c58",70,"PASS","PENDING_ACTUAL_PAGE_INSPECTION"
71,"qa/main/page-71.png","483c4c14a80c963c8b23155c6817eb10733f10d61d688e6700af92b9fe8a41c5",71,"PASS","PENDING_ACTUAL_PAGE_INSPECTION"
72,"qa/main/page-72.png","6f5b86fde3dfdb9c530c8ae7fd0c4c2dca595862f0292ddb1ed55117c802a71c",72,"PASS","PENDING_ACTUAL_PAGE_INSPECTION"
73,"qa/main/page-73.png","d66a5dac81b2b16678a755283f93fe344b4d3bb3644e71df7c423c45c357fd92",73,"PASS","PENDING_ACTUAL_PAGE_INSPECTION"
74,"qa/main/page-74.png","3da4b4edd771fa7ee33313772e2111ffb9304e466adf9dac09c8ee564c2d2d81",74,"PASS","PENDING_ACTUAL_PAGE_INSPECTION"
75,"qa/main/page-75.png","0b97c8f7a3052953f2141e92377f596a80e7787e68af9b55d89ba5f49c9934f1",75,"PASS","PENDING_ACTUAL_PAGE_INSPECTION"
76,"qa/main/page-76.png","183dfea29e1c3e469daa3b29cf50e64b13d1df6cdd47981725705135d384533c",76,"PASS","PENDING_ACTUAL_PAGE_INSPECTION"
77,"qa/main/page-77.png","d31976cc7a92a777130ab05ff971d497ea2917cbe01c8c590bf0359a072047cb",77,"PASS","PENDING_ACTUAL_PAGE_INSPECTION"
78,"qa/main/page-78.png","b216302c6c04e8a7ebf595aa1c9794012b08c99c7a880092f811ae0e64888a98",78,"PASS","PENDING_ACTUAL_PAGE_INSPECTION"
79,"qa/main/page-79.png","c06796f58c6fac962703df7b6e7830cb92c6ae457a7553681bd04df007874e59",79,"PASS","PENDING_ACTUAL_PAGE_INSPECTION"
80,"qa/main/page-80.png","d1a809efaef7c0ef7a1b9724c4889abb137957b64556b927b4660080014dbbe0",80,"PASS","PENDING_ACTUAL_PAGE_INSPECTION"
81,"qa/main/page-81.png","18ad7ee16f5ef6a4a13b8c8eafdbc0240efab95a2fb6965c520149535bb464e6",81,"PASS","PENDING_ACTUAL_PAGE_INSPECTION"
82,"qa/main/page-82.png","d1ddbb321ec9317654eab991752dd0743f1d6bf252c43e6ab2287cf6d1388df0",82,"PASS","PENDING_ACTUAL_PAGE_INSPECTION"
83,"qa/main/page-83.png","1f3ac488d9b271da13396112ae4edc6fc45df87bc737b0ab9401e25b4001e1f9",NA,NA,"PENDING_ACTUAL_PAGE_INSPECTION"
84,"qa/main/page-84.png","499af2ec8481eac216fb853451f0ab5969c969bfbb87333cfc08edcb53064862",NA,NA,"PENDING_ACTUAL_PAGE_INSPECTION"
85,"qa/main/page-85.png","5d7735f0e85fccfd840458208549dcd19635233357c3f541a7cc69c28d297c31",NA,NA,"PENDING_ACTUAL_PAGE_INSPECTION"
86,"qa/main/page-86.png","6810cd663b3dbaf7c1aaba55516b9862efbd1bd84daa897b0bf93c1dda387888",NA,NA,"PENDING_ACTUAL_PAGE_INSPECTION"
87,"qa/main/page-87.png","672040daa152b7ce8a09309471e336e324bf670e071646a6601734afac061432",NA,NA,"PENDING_ACTUAL_PAGE_INSPECTION"
88,"qa/main/page-88.png","760734dbdacf7db33cab7dff4ea60f6f40feed012dc9d68621317da5fcb46c95",NA,NA,"PENDING_ACTUAL_PAGE_INSPECTION"
89,"qa/main/page-89.png","f1f3ab61f472db37e5c59969a8b2af0f6aa896655d0668e18c744d8f779386fd",NA,NA,"PENDING_ACTUAL_PAGE_INSPECTION"
90,"qa/main/page-90.png","6a4ae4bf58ad23220af2703505b262b0d63e7aab20a98af166e926cc574fb245",NA,NA,"PENDING_ACTUAL_PAGE_INSPECTION"
91,"qa/main/page-91.png","1ffcb749f198e39b10b832d7415bf1b41ffdaa4254881032397ac5fbd03126b0",NA,NA,"PENDING_ACTUAL_PAGE_INSPECTION"
92,"qa/main/page-92.png","0dce8916f4f78f7ec97a8e77ef82b80456822882b90291c06087cff16818ef1a",NA,NA,"PENDING_ACTUAL_PAGE_INSPECTION"
93,"qa/main/page-93.png","f65d69caec8a4f7b5fb49265a1f4beeb230e4d89b21a7b060db019347f1739f0",NA,NA,"PENDING_ACTUAL_PAGE_INSPECTION"
94,"qa/main/page-94.png","22334a601de3cbc1f19f079a9c0a06a1c2adca99dfce08092f5f3e15bdfb9896",NA,NA,"PENDING_ACTUAL_PAGE_INSPECTION"
95,"qa/main/page-95.png","46a1c7755515fa53375e0dff2e5b0fba9c904dbec659ab8962266c3979997885",NA,NA,"PENDING_ACTUAL_PAGE_INSPECTION"
96,"qa/main/page-96.png","1424673d46c919bd10f59b666b70d4a4bab4e4eef7cc3dd6649fda12c9ba709b",NA,NA,"PENDING_ACTUAL_PAGE_INSPECTION"
97,"qa/main/page-97.png","e472a9f8cfe897ab62f0b24d81a88066d36ae17be014747ff599f718dd3da5da",NA,NA,"PENDING_ACTUAL_PAGE_INSPECTION"
98,"qa/main/page-98.png","468e746b7524543c0b34238350b6c6e715576f6e4752446ff2ccc35810a06610",NA,NA,"PENDING_ACTUAL_PAGE_INSPECTION"
99,"qa/main/page-99.png","2a926d1a290516c79a1b4b668a310f41b596decd6bc83d7ff24b167feb3db895",NA,NA,"PENDING_ACTUAL_PAGE_INSPECTION"
100,"qa/main/page-100.png","929dd7540da665ea375b971a48c8b2d81ce455494195595cb3b226172b5287b7",NA,NA,"PENDING_ACTUAL_PAGE_INSPECTION"
101,"qa/main/page-101.png","e4d2940e9116f8c0b4185721f7bc2c8240a5a67b5b3acbd72993a5db7fc8ad6b",NA,NA,"PENDING_ACTUAL_PAGE_INSPECTION"
102,"qa/main/page-102.png","1586371a40cdf49d604e86402c2e46eab572aebea080b32e4eb69ec4478de4b1",NA,NA,"PENDING_ACTUAL_PAGE_INSPECTION"
