run_id,data_scenario_id,placement,sample_scenario,analytical_role,metric_order,metric_id,analysis_unit,response_family,response_transform,model_name,estimation_stage,formula,engine,estimation_method,family,link,observations,log_likelihood,aic,converged,positive_definite_hessian,singular,max_gradient,warnings,error,status
main__chest__all_available,main,chest,all_available,complementary_chest,17,mder_mean_of_viable_ratios,participant_day,gaussian,identity,site_full,comparison,response_value ~ site + photoperiod_centered_hours + (1 | participant_key),lmer,maximum_likelihood,Gaussian,identity_after_declared_transformation,732,529.6692590375864,-1037.3385180751727,TRUE,TRUE,FALSE,1.261923898709938e-7,,,FITTED
main__chest__all_available,main,chest,all_available,complementary_chest,17,mder_mean_of_viable_ratios,participant_day,gaussian,identity,no_site,comparison,response_value ~ photoperiod_centered_hours + (1 | participant_key),lmer,maximum_likelihood,Gaussian,identity_after_declared_transformation,732,520.9464653583785,-1033.892930716757,TRUE,TRUE,FALSE,1.0959411156363785e-6,,,FITTED
main__chest__all_available,main,chest,all_available,complementary_chest,17,mder_mean_of_viable_ratios,participant_day,gaussian,identity,no_photoperiod,comparison,response_value ~ site + (1 | participant_key),lmer,maximum_likelihood,Gaussian,identity_after_declared_transformation,732,527.5170306806141,-1035.0340613612282,TRUE,TRUE,FALSE,1.21985976875294e-6,,,FITTED
main__chest__all_available,main,chest,all_available,complementary_chest,17,mder_mean_of_viable_ratios,participant_day,gaussian,identity,latitude_full,comparison,response_value ~ absolute_latitude_10deg_centered + photoperiod_centered_hours +      (1 | participant_key),lmer,maximum_likelihood,Gaussian,identity_after_declared_transformation,732,525.5435654195319,-1041.0871308390638,TRUE,TRUE,FALSE,1.3380940799834207e-6,,,FITTED
main__chest__all_available,main,chest,all_available,complementary_chest,17,mder_mean_of_viable_ratios,participant_day,gaussian,identity,random_site,comparison,response_value ~ photoperiod_centered_hours + (1 | site) + (1 |      participant_key),lmer,maximum_likelihood,Gaussian,identity_after_declared_transformation,732,521.6853578537463,-1033.3707157074925,TRUE,TRUE,FALSE,0.0014313491192297079,,,FITTED
main__chest__all_available,main,chest,all_available,complementary_chest,17,mder_mean_of_viable_ratios,participant_day,gaussian,identity,site_full,final,response_value ~ site + photoperiod_centered_hours + (1 | participant_key),lmer,restricted_maximum_likelihood,Gaussian,identity_after_declared_transformation,732,507.6309468509535,-993.261893701907,TRUE,TRUE,FALSE,1.1999645721516572e-6,,,FITTED
main__chest__all_available,main,chest,all_available,complementary_chest,17,mder_mean_of_viable_ratios,participant_day,gaussian,identity,no_site,final,response_value ~ photoperiod_centered_hours + (1 | participant_key),lmer,restricted_maximum_likelihood,Gaussian,identity_after_declared_transformation,732,513.9142345347054,-1019.8284690694109,TRUE,TRUE,FALSE,1.1937117960769683e-7,,,FITTED
main__chest__all_available,main,chest,all_available,complementary_chest,17,mder_mean_of_viable_ratios,participant_day,gaussian,identity,no_photoperiod,final,response_value ~ site + (1 | participant_key),lmer,restricted_maximum_likelihood,Gaussian,identity_after_declared_transformation,732,509.31667984836395,-998.6333596967279,TRUE,TRUE,FALSE,1.978150976356119e-7,,,FITTED
main__chest__all_available,main,chest,all_available,complementary_chest,17,mder_mean_of_viable_ratios,participant_day,gaussian,identity,latitude_full,final,response_value ~ absolute_latitude_10deg_centered + photoperiod_centered_hours +      (1 | participant_key),lmer,restricted_maximum_likelihood,Gaussian,identity_after_declared_transformation,732,514.7694050614695,-1019.5388101229389,TRUE,TRUE,FALSE,1.454054654459469e-6,,,FITTED
main__chest__paired_common_sample,main,chest,paired_common_sample,paired_placement_comparison,17,mder_mean_of_viable_ratios,participant_day,gaussian,identity,site_full,comparison,response_value ~ site + photoperiod_centered_hours + (1 | participant_key),lmer,maximum_likelihood,Gaussian,identity_after_declared_transformation,489,530.8141823339456,-1039.6283646678912,TRUE,TRUE,FALSE,4.376943252282217e-7,,,FITTED
main__chest__paired_common_sample,main,chest,paired_common_sample,paired_placement_comparison,17,mder_mean_of_viable_ratios,participant_day,gaussian,identity,no_site,comparison,response_value ~ photoperiod_centered_hours + (1 | participant_key),lmer,maximum_likelihood,Gaussian,identity_after_declared_transformation,489,518.7309680432102,-1029.4619360864203,TRUE,TRUE,FALSE,8.855408850649837e-5,,,FITTED
main__chest__paired_common_sample,main,chest,paired_common_sample,paired_placement_comparison,17,mder_mean_of_viable_ratios,participant_day,gaussian,identity,no_photoperiod,comparison,response_value ~ site + (1 | participant_key),lmer,maximum_likelihood,Gaussian,identity_after_declared_transformation,489,511.0574122675582,-1002.1148245351164,TRUE,TRUE,FALSE,8.66634763951879e-6,,,FITTED
main__chest__paired_common_sample,main,chest,paired_common_sample,paired_placement_comparison,17,mder_mean_of_viable_ratios,participant_day,gaussian,identity,latitude_full,comparison,response_value ~ absolute_latitude_10deg_centered + photoperiod_centered_hours +      (1 | participant_key),lmer,maximum_likelihood,Gaussian,identity_after_declared_transformation,489,521.6753934612044,-1033.3507869224088,TRUE,TRUE,FALSE,6.773461791453883e-6,,,FITTED
main__chest__paired_common_sample,main,chest,paired_common_sample,paired_placement_comparison,17,mder_mean_of_viable_ratios,participant_day,gaussian,identity,random_site,comparison,response_value ~ photoperiod_centered_hours + (1 | site) + (1 |      participant_key),lmer,maximum_likelihood,Gaussian,identity_after_declared_transformation,489,520.5853067139436,-1031.1706134278872,TRUE,TRUE,FALSE,2.3462689568987116e-5,,,FITTED
main__chest__paired_common_sample,main,chest,paired_common_sample,paired_placement_comparison,17,mder_mean_of_viable_ratios,participant_day,gaussian,identity,site_full,final,response_value ~ site + photoperiod_centered_hours + (1 | participant_key),lmer,restricted_maximum_likelihood,Gaussian,identity_after_declared_transformation,489,500.54837974849005,-979.0967594969801,TRUE,TRUE,FALSE,4.4281023292569444e-7,,,FITTED
main__chest__paired_common_sample,main,chest,paired_common_sample,paired_placement_comparison,17,mder_mean_of_viable_ratios,participant_day,gaussian,identity,no_site,final,response_value ~ photoperiod_centered_hours + (1 | participant_key),lmer,restricted_maximum_likelihood,Gaussian,identity_after_declared_transformation,489,509.87804066509597,-1011.7560813301919,TRUE,TRUE,FALSE,4.165485734120011e-6,,,FITTED
main__chest__paired_common_sample,main,chest,paired_common_sample,paired_placement_comparison,17,mder_mean_of_viable_ratios,participant_day,gaussian,identity,no_photoperiod,final,response_value ~ site + (1 | participant_key),lmer,restricted_maximum_likelihood,Gaussian,identity_after_declared_transformation,489,487.04758312937605,-954.0951662587521,TRUE,TRUE,FALSE,5.739480002375785e-6,,,FITTED
main__chest__paired_common_sample,main,chest,paired_common_sample,paired_placement_comparison,17,mder_mean_of_viable_ratios,participant_day,gaussian,identity,latitude_full,final,response_value ~ absolute_latitude_10deg_centered + photoperiod_centered_hours +      (1 | participant_key),lmer,restricted_maximum_likelihood,Gaussian,identity_after_declared_transformation,489,508.4971649717112,-1006.9943299434224,TRUE,TRUE,FALSE,1.1033876035071444e-5,,,FITTED
main__glasses__all_available,main,glasses,all_available,primary,17,mder_mean_of_viable_ratios,participant_day,gaussian,identity,site_full,comparison,response_value ~ site + photoperiod_centered_hours + (1 | participant_key),lmer,maximum_likelihood,Gaussian,identity_after_declared_transformation,702,736.0363851599083,-1448.0727703198165,TRUE,TRUE,FALSE,1.842522578954231e-5,,,FITTED
main__glasses__all_available,main,glasses,all_available,primary,17,mder_mean_of_viable_ratios,participant_day,gaussian,identity,no_site,comparison,response_value ~ photoperiod_centered_hours + (1 | participant_key),lmer,maximum_likelihood,Gaussian,identity_after_declared_transformation,702,721.108678432111,-1434.217356864222,TRUE,TRUE,FALSE,8.234337656176649e-6,,,FITTED
main__glasses__all_available,main,glasses,all_available,primary,17,mder_mean_of_viable_ratios,participant_day,gaussian,identity,no_photoperiod,comparison,response_value ~ site + (1 | participant_key),lmer,maximum_likelihood,Gaussian,identity_after_declared_transformation,702,716.2856967769874,-1410.5713935539748,TRUE,TRUE,FALSE,2.546585164964199e-7,,,FITTED
main__glasses__all_available,main,glasses,all_available,primary,17,mder_mean_of_viable_ratios,participant_day,gaussian,identity,latitude_full,comparison,response_value ~ absolute_latitude_10deg_centered + photoperiod_centered_hours +      (1 | participant_key),lmer,maximum_likelihood,Gaussian,identity_after_declared_transformation,702,725.0192778583687,-1440.0385557167374,TRUE,TRUE,FALSE,1.666649040998891e-5,,,FITTED
main__glasses__all_available,main,glasses,all_available,primary,17,mder_mean_of_viable_ratios,participant_day,gaussian,identity,random_site,comparison,response_value ~ photoperiod_centered_hours + (1 | site) + (1 |      participant_key),lmer,maximum_likelihood,Gaussian,identity_after_declared_transformation,702,724.9461050683535,-1439.892210136707,TRUE,TRUE,FALSE,0.0029840578008588636,,,FITTED
main__glasses__all_available,main,glasses,all_available,primary,17,mder_mean_of_viable_ratios,participant_day,gaussian,identity,site_full,final,response_value ~ site + photoperiod_centered_hours + (1 | participant_key),lmer,restricted_maximum_likelihood,Gaussian,identity_after_declared_transformation,702,701.9234832502966,-1379.8469665005932,TRUE,TRUE,FALSE,1.1871179594891146e-5,,,FITTED
main__glasses__all_available,main,glasses,all_available,primary,17,mder_mean_of_viable_ratios,participant_day,gaussian,identity,no_site,final,response_value ~ photoperiod_centered_hours + (1 | participant_key),lmer,restricted_maximum_likelihood,Gaussian,identity_after_declared_transformation,702,711.9680532804801,-1415.9361065609603,TRUE,TRUE,FALSE,1.4872512110741809e-5,,,FITTED
main__glasses__all_available,main,glasses,all_available,primary,17,mder_mean_of_viable_ratios,participant_day,gaussian,identity,no_photoperiod,final,response_value ~ site + (1 | participant_key),lmer,restricted_maximum_likelihood,Gaussian,identity_after_declared_transformation,702,688.246638014966,-1354.493276029932,TRUE,TRUE,FALSE,8.85279405338224e-6,,,FITTED
main__glasses__all_available,main,glasses,all_available,primary,17,mder_mean_of_viable_ratios,participant_day,gaussian,identity,latitude_full,final,response_value ~ absolute_latitude_10deg_centered + photoperiod_centered_hours +      (1 | participant_key),lmer,restricted_maximum_likelihood,Gaussian,identity_after_declared_transformation,702,711.4465870700284,-1412.8931741400568,TRUE,TRUE,FALSE,1.123339643527288e-5,,,FITTED
main__glasses__paired_common_sample,main,glasses,paired_common_sample,paired_placement_comparison,17,mder_mean_of_viable_ratios,participant_day,gaussian,identity,site_full,comparison,response_value ~ site + photoperiod_centered_hours + (1 | participant_key),lmer,maximum_likelihood,Gaussian,identity_after_declared_transformation,489,476.39193658627534,-930.7838731725507,TRUE,TRUE,FALSE,1.2545342542580329e-5,,,FITTED
main__glasses__paired_common_sample,main,glasses,paired_common_sample,paired_placement_comparison,17,mder_mean_of_viable_ratios,participant_day,gaussian,identity,no_site,comparison,response_value ~ photoperiod_centered_hours + (1 | participant_key),lmer,maximum_likelihood,Gaussian,identity_after_declared_transformation,489,466.8586066625388,-925.7172133250776,TRUE,TRUE,FALSE,2.118724751198897e-5,,,FITTED
main__glasses__paired_common_sample,main,glasses,paired_common_sample,paired_placement_comparison,17,mder_mean_of_viable_ratios,participant_day,gaussian,identity,no_photoperiod,comparison,response_value ~ site + (1 | participant_key),lmer,maximum_likelihood,Gaussian,identity_after_declared_transformation,489,463.17232961965846,-906.3446592393169,TRUE,TRUE,FALSE,7.722178452240769e-6,,,FITTED
main__glasses__paired_common_sample,main,glasses,paired_common_sample,paired_placement_comparison,17,mder_mean_of_viable_ratios,participant_day,gaussian,identity,latitude_full,comparison,response_value ~ absolute_latitude_10deg_centered + photoperiod_centered_hours +      (1 | participant_key),lmer,maximum_likelihood,Gaussian,identity_after_declared_transformation,489,468.0076070207628,-926.0152140415256,TRUE,TRUE,FALSE,6.235723049030639e-7,,,FITTED
main__glasses__paired_common_sample,main,glasses,paired_common_sample,paired_placement_comparison,17,mder_mean_of_viable_ratios,participant_day,gaussian,identity,random_site,comparison,response_value ~ photoperiod_centered_hours + (1 | site) + (1 |      participant_key),lmer,maximum_likelihood,Gaussian,identity_after_declared_transformation,489,467.99356108155257,-925.9871221631051,TRUE,TRUE,FALSE,2.1793198357045185e-5,,,FITTED
main__glasses__paired_common_sample,main,glasses,paired_common_sample,paired_placement_comparison,17,mder_mean_of_viable_ratios,participant_day,gaussian,identity,site_full,final,response_value ~ site + photoperiod_centered_hours + (1 | participant_key),lmer,restricted_maximum_likelihood,Gaussian,identity_after_declared_transformation,489,445.85811602388287,-869.7162320477657,TRUE,TRUE,FALSE,8.853362487570848e-6,,,FITTED
main__glasses__paired_common_sample,main,glasses,paired_common_sample,paired_placement_comparison,17,mder_mean_of_viable_ratios,participant_day,gaussian,identity,no_site,final,response_value ~ photoperiod_centered_hours + (1 | participant_key),lmer,restricted_maximum_likelihood,Gaussian,identity_after_declared_transformation,489,457.89198516268397,-907.7839703253679,TRUE,TRUE,FALSE,1.3983481039758772e-7,,,FITTED
main__glasses__paired_common_sample,main,glasses,paired_common_sample,paired_placement_comparison,17,mder_mean_of_viable_ratios,participant_day,gaussian,identity,no_photoperiod,final,response_value ~ site + (1 | participant_key),lmer,restricted_maximum_likelihood,Gaussian,identity_after_declared_transformation,489,438.29725307229995,-856.5945061445999,TRUE,TRUE,FALSE,1.513001279818127e-5,,,FITTED
main__glasses__paired_common_sample,main,glasses,paired_common_sample,paired_placement_comparison,17,mder_mean_of_viable_ratios,participant_day,gaussian,identity,latitude_full,final,response_value ~ absolute_latitude_10deg_centered + photoperiod_centered_hours +      (1 | participant_key),lmer,restricted_maximum_likelihood,Gaussian,identity_after_declared_transformation,489,454.71881496356735,-899.4376299271347,TRUE,TRUE,FALSE,5.970264282950666e-6,,,FITTED
manuscript_prepared_data__chest__all_available,manuscript_prepared_data,chest,all_available,complementary_chest,17,mder_mean_of_viable_ratios,participant_day,gaussian,identity,site_full,comparison,response_value ~ site + photoperiod_centered_hours + (1 | participant_key),lmer,maximum_likelihood,Gaussian,identity_after_declared_transformation,723,512.6020970103018,-1003.2041940206036,TRUE,TRUE,FALSE,1.3642420526593924e-7,,,FITTED
manuscript_prepared_data__chest__all_available,manuscript_prepared_data,chest,all_available,complementary_chest,17,mder_mean_of_viable_ratios,participant_day,gaussian,identity,no_site,comparison,response_value ~ photoperiod_centered_hours + (1 | participant_key),lmer,maximum_likelihood,Gaussian,identity_after_declared_transformation,723,503.9498201954796,-999.8996403909592,TRUE,TRUE,FALSE,1.1198153515579179e-7,,,FITTED
manuscript_prepared_data__chest__all_available,manuscript_prepared_data,chest,all_available,complementary_chest,17,mder_mean_of_viable_ratios,participant_day,gaussian,identity,no_photoperiod,comparison,response_value ~ site + (1 | participant_key),lmer,maximum_likelihood,Gaussian,identity_after_declared_transformation,723,510.55873769942616,-1001.1174753988523,TRUE,TRUE,FALSE,2.5579538487363607e-8,,,FITTED
manuscript_prepared_data__chest__all_available,manuscript_prepared_data,chest,all_available,complementary_chest,17,mder_mean_of_viable_ratios,participant_day,gaussian,identity,latitude_full,comparison,response_value ~ absolute_latitude_10deg_centered + photoperiod_centered_hours +      (1 | participant_key),lmer,maximum_likelihood,Gaussian,identity_after_declared_transformation,723,508.4862285616012,-1006.9724571232024,TRUE,TRUE,FALSE,6.252776074688882e-8,,,FITTED
manuscript_prepared_data__chest__all_available,manuscript_prepared_data,chest,all_available,complementary_chest,17,mder_mean_of_viable_ratios,participant_day,gaussian,identity,random_site,comparison,response_value ~ photoperiod_centered_hours + (1 | site) + (1 |      participant_key),lmer,maximum_likelihood,Gaussian,identity_after_declared_transformation,723,504.6664932978256,-999.3329865956512,TRUE,TRUE,FALSE,4.969649580743862e-5,,,FITTED
manuscript_prepared_data__chest__all_available,manuscript_prepared_data,chest,all_available,complementary_chest,17,mder_mean_of_viable_ratios,participant_day,gaussian,identity,site_full,final,response_value ~ site + photoperiod_centered_hours + (1 | participant_key),lmer,restricted_maximum_likelihood,Gaussian,identity_after_declared_transformation,723,490.79463189321723,-959.5892637864345,TRUE,TRUE,FALSE,3.3594460546737537e-7,,,FITTED
manuscript_prepared_data__chest__all_available,manuscript_prepared_data,chest,all_available,complementary_chest,17,mder_mean_of_viable_ratios,participant_day,gaussian,identity,no_site,final,response_value ~ photoperiod_centered_hours + (1 | participant_key),lmer,restricted_maximum_likelihood,Gaussian,identity_after_declared_transformation,723,496.9674863066998,-985.9349726133996,TRUE,TRUE,FALSE,1.0345502232667059e-7,,,FITTED
manuscript_prepared_data__chest__all_available,manuscript_prepared_data,chest,all_available,complementary_chest,17,mder_mean_of_viable_ratios,participant_day,gaussian,identity,no_photoperiod,final,response_value ~ site + (1 | participant_key),lmer,restricted_maximum_likelihood,Gaussian,identity_after_declared_transformation,723,492.5549477291568,-965.1098954583136,TRUE,TRUE,FALSE,4.831690603168681e-8,,,FITTED
manuscript_prepared_data__chest__all_available,manuscript_prepared_data,chest,all_available,complementary_chest,17,mder_mean_of_viable_ratios,participant_day,gaussian,identity,latitude_full,final,response_value ~ absolute_latitude_10deg_centered + photoperiod_centered_hours +      (1 | participant_key),lmer,restricted_maximum_likelihood,Gaussian,identity_after_declared_transformation,723,497.7888592686112,-985.5777185372224,TRUE,TRUE,FALSE,1.1652900866465643e-7,,,FITTED
manuscript_prepared_data__chest__paired_common_sample,manuscript_prepared_data,chest,paired_common_sample,paired_placement_comparison,17,mder_mean_of_viable_ratios,participant_day,gaussian,identity,site_full,comparison,response_value ~ site + photoperiod_centered_hours + (1 | participant_key),lmer,maximum_likelihood,Gaussian,identity_after_declared_transformation,478,513.8214704388904,-1005.6429408777808,TRUE,TRUE,FALSE,1.1553993317647837e-5,,,FITTED
manuscript_prepared_data__chest__paired_common_sample,manuscript_prepared_data,chest,paired_common_sample,paired_placement_comparison,17,mder_mean_of_viable_ratios,participant_day,gaussian,identity,no_site,comparison,response_value ~ photoperiod_centered_hours + (1 | participant_key),lmer,maximum_likelihood,Gaussian,identity_after_declared_transformation,478,501.4307880448121,-994.8615760896242,TRUE,TRUE,FALSE,1.290345608140342e-7,,,FITTED
manuscript_prepared_data__chest__paired_common_sample,manuscript_prepared_data,chest,paired_common_sample,paired_placement_comparison,17,mder_mean_of_viable_ratios,participant_day,gaussian,identity,no_photoperiod,comparison,response_value ~ site + (1 | participant_key),lmer,maximum_likelihood,Gaussian,identity_after_declared_transformation,478,493.8063967405162,-967.6127934810324,TRUE,TRUE,FALSE,9.322320693172514e-7,,,FITTED
manuscript_prepared_data__chest__paired_common_sample,manuscript_prepared_data,chest,paired_common_sample,paired_placement_comparison,17,mder_mean_of_viable_ratios,participant_day,gaussian,identity,latitude_full,comparison,response_value ~ absolute_latitude_10deg_centered + photoperiod_centered_hours +      (1 | participant_key),lmer,maximum_likelihood,Gaussian,identity_after_declared_transformation,478,504.5520606046988,-999.1041212093976,TRUE,TRUE,FALSE,2.8069280233466998e-6,,,FITTED
manuscript_prepared_data__chest__paired_common_sample,manuscript_prepared_data,chest,paired_common_sample,paired_placement_comparison,17,mder_mean_of_viable_ratios,participant_day,gaussian,identity,random_site,comparison,response_value ~ photoperiod_centered_hours + (1 | site) + (1 |      participant_key),lmer,maximum_likelihood,Gaussian,identity_after_declared_transformation,478,503.4644797021418,-996.9289594042835,TRUE,TRUE,FALSE,9.641780707170255e-6,,,FITTED
manuscript_prepared_data__chest__paired_common_sample,manuscript_prepared_data,chest,paired_common_sample,paired_placement_comparison,17,mder_mean_of_viable_ratios,participant_day,gaussian,identity,site_full,final,response_value ~ site + photoperiod_centered_hours + (1 | participant_key),lmer,restricted_maximum_likelihood,Gaussian,identity_after_declared_transformation,478,483.62081560912503,-945.2416312182501,TRUE,TRUE,FALSE,8.712959242984653e-6,,,FITTED
manuscript_prepared_data__chest__paired_common_sample,manuscript_prepared_data,chest,paired_common_sample,paired_placement_comparison,17,mder_mean_of_viable_ratios,participant_day,gaussian,identity,no_site,final,response_value ~ photoperiod_centered_hours + (1 | participant_key),lmer,restricted_maximum_likelihood,Gaussian,identity_after_declared_transformation,478,492.5982811321978,-977.1965622643957,TRUE,TRUE,FALSE,5.661604518536478e-6,,,FITTED
manuscript_prepared_data__chest__paired_common_sample,manuscript_prepared_data,chest,paired_common_sample,paired_placement_comparison,17,mder_mean_of_viable_ratios,participant_day,gaussian,identity,no_photoperiod,final,response_value ~ site + (1 | participant_key),lmer,restricted_maximum_likelihood,Gaussian,identity_after_declared_transformation,478,469.86439565642087,-919.7287913128417,TRUE,TRUE,FALSE,2.8762769943568856e-7,,,FITTED
manuscript_prepared_data__chest__paired_common_sample,manuscript_prepared_data,chest,paired_common_sample,paired_placement_comparison,17,mder_mean_of_viable_ratios,participant_day,gaussian,identity,latitude_full,final,response_value ~ absolute_latitude_10deg_centered + photoperiod_centered_hours +      (1 | participant_key),lmer,restricted_maximum_likelihood,Gaussian,identity_after_declared_transformation,478,491.40070675813274,-972.8014135162655,TRUE,TRUE,FALSE,5.002220859751105e-7,,,FITTED
manuscript_prepared_data__glasses__all_available,manuscript_prepared_data,glasses,all_available,manuscript_prepared_data_sensitivity,17,mder_mean_of_viable_ratios,participant_day,gaussian,identity,site_full,comparison,response_value ~ site + photoperiod_centered_hours + (1 | participant_key),lmer,maximum_likelihood,Gaussian,identity_after_declared_transformation,687,712.9928386270243,-1401.9856772540486,TRUE,TRUE,FALSE,1.889929990284145e-5,,,FITTED
manuscript_prepared_data__glasses__all_available,manuscript_prepared_data,glasses,all_available,manuscript_prepared_data_sensitivity,17,mder_mean_of_viable_ratios,participant_day,gaussian,identity,no_site,comparison,response_value ~ photoperiod_centered_hours + (1 | participant_key),lmer,maximum_likelihood,Gaussian,identity_after_declared_transformation,687,698.3308999056245,-1388.661799811249,TRUE,TRUE,FALSE,2.7273472369415686e-5,,,FITTED
manuscript_prepared_data__glasses__all_available,manuscript_prepared_data,glasses,all_available,manuscript_prepared_data_sensitivity,17,mder_mean_of_viable_ratios,participant_day,gaussian,identity,no_photoperiod,comparison,response_value ~ site + (1 | participant_key),lmer,maximum_likelihood,Gaussian,identity_after_declared_transformation,687,693.3021438778542,-1364.6042877557084,TRUE,TRUE,FALSE,3.865352482534945e-8,,,FITTED
manuscript_prepared_data__glasses__all_available,manuscript_prepared_data,glasses,all_available,manuscript_prepared_data_sensitivity,17,mder_mean_of_viable_ratios,participant_day,gaussian,identity,latitude_full,comparison,response_value ~ absolute_latitude_10deg_centered + photoperiod_centered_hours +      (1 | participant_key),lmer,maximum_likelihood,Gaussian,identity_after_declared_transformation,687,702.1518332983213,-1394.3036665966426,TRUE,TRUE,FALSE,9.905534170684405e-6,,,FITTED
manuscript_prepared_data__glasses__all_available,manuscript_prepared_data,glasses,all_available,manuscript_prepared_data_sensitivity,17,mder_mean_of_viable_ratios,participant_day,gaussian,identity,random_site,comparison,response_value ~ photoperiod_centered_hours + (1 | site) + (1 |      participant_key),lmer,maximum_likelihood,Gaussian,identity_after_declared_transformation,687,702.0339584035643,-1394.0679168071285,TRUE,TRUE,FALSE,1.7387833395332564e-4,,,FITTED
manuscript_prepared_data__glasses__all_available,manuscript_prepared_data,glasses,all_available,manuscript_prepared_data_sensitivity,17,mder_mean_of_viable_ratios,participant_day,gaussian,identity,site_full,final,response_value ~ site + photoperiod_centered_hours + (1 | participant_key),lmer,restricted_maximum_likelihood,Gaussian,identity_after_declared_transformation,687,678.9556531703232,-1333.9113063406464,TRUE,TRUE,FALSE,7.071321306284517e-7,,,FITTED
manuscript_prepared_data__glasses__all_available,manuscript_prepared_data,glasses,all_available,manuscript_prepared_data_sensitivity,17,mder_mean_of_viable_ratios,participant_day,gaussian,identity,no_site,final,response_value ~ photoperiod_centered_hours + (1 | participant_key),lmer,restricted_maximum_likelihood,Gaussian,identity_after_declared_transformation,687,689.198859121705,-1370.39771824341,TRUE,TRUE,FALSE,2.6802808861248195e-5,,,FITTED
manuscript_prepared_data__glasses__all_available,manuscript_prepared_data,glasses,all_available,manuscript_prepared_data_sensitivity,17,mder_mean_of_viable_ratios,participant_day,gaussian,identity,no_photoperiod,final,response_value ~ site + (1 | participant_key),lmer,restricted_maximum_likelihood,Gaussian,identity_after_declared_transformation,687,665.3219072081599,-1308.6438144163199,TRUE,TRUE,FALSE,1.198259269585833e-6,,,FITTED
manuscript_prepared_data__glasses__all_available,manuscript_prepared_data,glasses,all_available,manuscript_prepared_data_sensitivity,17,mder_mean_of_viable_ratios,participant_day,gaussian,identity,latitude_full,final,response_value ~ absolute_latitude_10deg_centered + photoperiod_centered_hours +      (1 | participant_key),lmer,restricted_maximum_likelihood,Gaussian,identity_after_declared_transformation,687,688.59627530298485,-1367.1925506059697,TRUE,TRUE,FALSE,5.32054400537163e-7,,,FITTED
manuscript_prepared_data__glasses__paired_common_sample,manuscript_prepared_data,glasses,paired_common_sample,paired_placement_comparison,17,mder_mean_of_viable_ratios,participant_day,gaussian,identity,site_full,comparison,response_value ~ site + photoperiod_centered_hours + (1 | participant_key),lmer,maximum_likelihood,Gaussian,identity_after_declared_transformation,478,460.14350743806204,-898.2870148761241,TRUE,TRUE,FALSE,1.1521024134708568e-5,,,FITTED
manuscript_prepared_data__glasses__paired_common_sample,manuscript_prepared_data,glasses,paired_common_sample,paired_placement_comparison,17,mder_mean_of_viable_ratios,participant_day,gaussian,identity,no_site,comparison,response_value ~ photoperiod_centered_hours + (1 | participant_key),lmer,maximum_likelihood,Gaussian,identity_after_declared_transformation,478,450.3745362158263,-892.7490724316526,TRUE,TRUE,FALSE,1.8012542568612844e-5,,,FITTED
manuscript_prepared_data__glasses__paired_common_sample,manuscript_prepared_data,glasses,paired_common_sample,paired_placement_comparison,17,mder_mean_of_viable_ratios,participant_day,gaussian,identity,no_photoperiod,comparison,response_value ~ site + (1 | participant_key),lmer,maximum_likelihood,Gaussian,identity_after_declared_transformation,478,447.00805706415304,-874.0161141283061,TRUE,TRUE,FALSE,9.777068044058979e-6,,,FITTED
manuscript_prepared_data__glasses__paired_common_sample,manuscript_prepared_data,glasses,paired_common_sample,paired_placement_comparison,17,mder_mean_of_viable_ratios,participant_day,gaussian,identity,latitude_full,comparison,response_value ~ absolute_latitude_10deg_centered + photoperiod_centered_hours +      (1 | participant_key),lmer,maximum_likelihood,Gaussian,identity_after_declared_transformation,478,451.5494436896887,-893.0988873793774,TRUE,TRUE,FALSE,1.717864961392479e-5,,,FITTED
manuscript_prepared_data__glasses__paired_common_sample,manuscript_prepared_data,glasses,paired_common_sample,paired_placement_comparison,17,mder_mean_of_viable_ratios,participant_day,gaussian,identity,random_site,comparison,response_value ~ photoperiod_centered_hours + (1 | site) + (1 |      participant_key),lmer,maximum_likelihood,Gaussian,identity_after_declared_transformation,478,451.65232609538657,-893.3046521907731,TRUE,TRUE,FALSE,2.901214202211122e-4,,,FITTED
manuscript_prepared_data__glasses__paired_common_sample,manuscript_prepared_data,glasses,paired_common_sample,paired_placement_comparison,17,mder_mean_of_viable_ratios,participant_day,gaussian,identity,site_full,final,response_value ~ site + photoperiod_centered_hours + (1 | participant_key),lmer,restricted_maximum_likelihood,Gaussian,identity_after_declared_transformation,478,429.72839438199946,-837.4567887639989,TRUE,TRUE,FALSE,7.3373485065530986e-6,,,FITTED
manuscript_prepared_data__glasses__paired_common_sample,manuscript_prepared_data,glasses,paired_common_sample,paired_placement_comparison,17,mder_mean_of_viable_ratios,participant_day,gaussian,identity,no_site,final,response_value ~ photoperiod_centered_hours + (1 | participant_key),lmer,restricted_maximum_likelihood,Gaussian,identity_after_declared_transformation,478,441.43844307786725,-874.8768861557345,TRUE,TRUE,FALSE,8.071765478234738e-6,,,FITTED
manuscript_prepared_data__glasses__paired_common_sample,manuscript_prepared_data,glasses,paired_common_sample,paired_placement_comparison,17,mder_mean_of_viable_ratios,participant_day,gaussian,identity,no_photoperiod,final,response_value ~ site + (1 | participant_key),lmer,restricted_maximum_likelihood,Gaussian,identity_after_declared_transformation,478,422.2197891299637,-824.4395782599274,TRUE,TRUE,FALSE,8.458300726488233e-7,,,FITTED
manuscript_prepared_data__glasses__paired_common_sample,manuscript_prepared_data,glasses,paired_common_sample,paired_placement_comparison,17,mder_mean_of_viable_ratios,participant_day,gaussian,identity,latitude_full,final,response_value ~ absolute_latitude_10deg_centered + photoperiod_centered_hours +      (1 | participant_key),lmer,restricted_maximum_likelihood,Gaussian,identity_after_declared_transformation,478,438.30654178902915,-866.6130835780583,TRUE,TRUE,FALSE,1.0485337043064646e-5,,,FITTED
