"path","bytes","sha256"
"/Users/zauner/.codex/worktrees/82ab/ZaunerEtAl_bioRxiv_2026/audit/analyses/brown_adherence/main_linkage_b_amendment/stage2/preflight/deletion_target_recovery_001/deletion_fit_job_registry.csv",17700,"15a71646c8adc668dedb21644011b9b68b1133b824def116a51079c8e0d0b0ba"
"/Users/zauner/.codex/worktrees/82ab/ZaunerEtAl_bioRxiv_2026/audit/analyses/brown_adherence/main_linkage_b_amendment/stage2/multiplicity/BA_M1.csv",1567,"c17e04f98eaf8b84430e0f8dcdc5206881deb184c832873c504edf5838883f47"
"/Users/zauner/.codex/worktrees/82ab/ZaunerEtAl_bioRxiv_2026/audit/analyses/brown_adherence/main_linkage_b_amendment/stage2/influence/deletion_estimands/LOSO-RISE/status.csv",265,"4f36afbaf869e1d4a3d8de7f1e7fd690626dec6a136b4bf500f672f788395996"
"/Users/zauner/.codex/worktrees/82ab/ZaunerEtAl_bioRxiv_2026/audit/analyses/brown_adherence/main_linkage_b_amendment/stage2/models/BA-LB-LOSO-RISE_fit_gate.csv",955,"415eec7e4c530ea02e6ee53cde553f53f70998c48a7e12c09a58513bcfa14a93"
"/Users/zauner/.codex/worktrees/82ab/ZaunerEtAl_bioRxiv_2026/audit/analyses/brown_adherence/main_linkage_b_amendment/stage2/influence/deletion_estimands/LOSO-RISE/manifest.csv",1789,"7ad6779694645c1b3d4fd0941703de6f63f704b045f77f9930d5a02aed14ab61"
"/Users/zauner/.codex/worktrees/82ab/ZaunerEtAl_bioRxiv_2026/audit/analyses/brown_adherence/main_linkage_b_amendment/stage2/influence/deletion_estimands/LOSO-RISE/estimands.rds",27572,"50df75bddaac5be3b7aee2be00f75c112ef9b87cec7de5ac651ddd58c22b3efb"
"/Users/zauner/.codex/worktrees/82ab/ZaunerEtAl_bioRxiv_2026/audit/analyses/brown_adherence/main_linkage_b_amendment/stage2/influence/deletion_estimands/LOSO-RISE/cell_predictions.csv",6368,"d6896e43d1aa58318359677fb73ab24b8021881afa35bbbf763c0f1ecc5a7350"
"/Users/zauner/.codex/worktrees/82ab/ZaunerEtAl_bioRxiv_2026/audit/analyses/brown_adherence/main_linkage_b_amendment/stage2/influence/deletion_estimands/LOSO-RISE/primary_comparison.csv",1043,"c3b0ac0f6a2485882f5ce7f957f42102c3cc4db5477ed7055c1724fba4c3d041"
"/Users/zauner/.codex/worktrees/82ab/ZaunerEtAl_bioRxiv_2026/audit/analyses/brown_adherence/main_linkage_b_amendment/stage2/influence/deletion_estimands/LOSO-RISE/contrast_matrix.csv",1068,"f319236d95ce375f14c61a200408138d52ca935942f1dcd303e34180cfeec3c5"
"/Users/zauner/.codex/worktrees/82ab/ZaunerEtAl_bioRxiv_2026/audit/analyses/brown_adherence/main_linkage_b_amendment/stage2/influence/deletion_estimands/LOSO-RISE/quadrature.csv",255,"dcdec99841087ac6a43c13423af010f2cee39cee838624c4d8e6b142dbb482af"
"/Users/zauner/.codex/worktrees/82ab/ZaunerEtAl_bioRxiv_2026/audit/analyses/brown_adherence/main_linkage_b_amendment/stage2/influence/deletion_estimands/LOSO-RISE/checks.csv",384,"8f53c5ddeec62cbda7d896ab37c27a7ba602db338c0f89250f15ba34d7eef785"
"/Users/zauner/.codex/worktrees/82ab/ZaunerEtAl_bioRxiv_2026/audit/analyses/brown_adherence/main_linkage_b_amendment/stage2/preflight/execution_jobs/DERIVE-SENSITIVITY-LOSO-RISE/finish.json",1814,"3253ec9f66260974bc2c87b355621991426fd4f959e44a9693a148d1b7b17a09"
"/Users/zauner/.codex/worktrees/82ab/ZaunerEtAl_bioRxiv_2026/audit/analyses/brown_adherence/main_linkage_b_amendment/stage2/influence/deletion_estimands/LOSO-THUAS/status.csv",267,"2cf93f38c60899fab66a511e126cdbcf0bc354a687d34d62bb2e364b611fae9a"
"/Users/zauner/.codex/worktrees/82ab/ZaunerEtAl_bioRxiv_2026/audit/analyses/brown_adherence/main_linkage_b_amendment/stage2/models/BA-LB-LOSO-THUAS_fit_gate.csv",955,"fb6ababe514b0c9496a32e51c758f934aebe65cafa8bf8311f9ce5b8849ff584"
"/Users/zauner/.codex/worktrees/82ab/ZaunerEtAl_bioRxiv_2026/audit/analyses/brown_adherence/main_linkage_b_amendment/stage2/influence/deletion_estimands/LOSO-THUAS/manifest.csv",1796,"1a12030e1656f5611a43a9768b9351241d6d09bdd85086f6e9850e6cb3f1b340"
"/Users/zauner/.codex/worktrees/82ab/ZaunerEtAl_bioRxiv_2026/audit/analyses/brown_adherence/main_linkage_b_amendment/stage2/influence/deletion_estimands/LOSO-THUAS/estimands.rds",27656,"a1bb2fe769837877759fade059510f4c068bc20cb0d71ad6f44b8e8bef704a40"
"/Users/zauner/.codex/worktrees/82ab/ZaunerEtAl_bioRxiv_2026/audit/analyses/brown_adherence/main_linkage_b_amendment/stage2/influence/deletion_estimands/LOSO-THUAS/cell_predictions.csv",6374,"eef059eff7820142ad219b834b78337a396f971e63c9e61bc67f3ca650031f77"
"/Users/zauner/.codex/worktrees/82ab/ZaunerEtAl_bioRxiv_2026/audit/analyses/brown_adherence/main_linkage_b_amendment/stage2/influence/deletion_estimands/LOSO-THUAS/primary_comparison.csv",1043,"59c1c101d208e4d4a9f618a7b88341741a798e4e3c4d54546d0db64cf42b5fdc"
"/Users/zauner/.codex/worktrees/82ab/ZaunerEtAl_bioRxiv_2026/audit/analyses/brown_adherence/main_linkage_b_amendment/stage2/influence/deletion_estimands/LOSO-THUAS/contrast_matrix.csv",1068,"f319236d95ce375f14c61a200408138d52ca935942f1dcd303e34180cfeec3c5"
"/Users/zauner/.codex/worktrees/82ab/ZaunerEtAl_bioRxiv_2026/audit/analyses/brown_adherence/main_linkage_b_amendment/stage2/influence/deletion_estimands/LOSO-THUAS/quadrature.csv",260,"844b01e20cae2ba52f8bb0f3f4ab612b97d940d49a9b33166b5c163a27fce4a2"
"/Users/zauner/.codex/worktrees/82ab/ZaunerEtAl_bioRxiv_2026/audit/analyses/brown_adherence/main_linkage_b_amendment/stage2/influence/deletion_estimands/LOSO-THUAS/checks.csv",384,"8f53c5ddeec62cbda7d896ab37c27a7ba602db338c0f89250f15ba34d7eef785"
"/Users/zauner/.codex/worktrees/82ab/ZaunerEtAl_bioRxiv_2026/audit/analyses/brown_adherence/main_linkage_b_amendment/stage2/preflight/execution_jobs/DERIVE-SENSITIVITY-LOSO-THUAS/finish.json",1816,"627dbce706745540315b6b073da4a093f6e9d0659f6ccc8482ac0abbd4b8f05a"
"/Users/zauner/.codex/worktrees/82ab/ZaunerEtAl_bioRxiv_2026/audit/analyses/brown_adherence/main_linkage_b_amendment/stage2/influence/deletion_estimands/LOSO-BAUA/status.csv",265,"c463b877aadc9a93da505831156a95c63a24e828216d4946e6e3494dd6b81ec7"
"/Users/zauner/.codex/worktrees/82ab/ZaunerEtAl_bioRxiv_2026/audit/analyses/brown_adherence/main_linkage_b_amendment/stage2/models/BA-LB-LOSO-BAUA_fit_gate.csv",955,"4807938e2d1f756c4e9b480ff2722eac9abcde5186817bbb7ff394a8b2e72f56"
"/Users/zauner/.codex/worktrees/82ab/ZaunerEtAl_bioRxiv_2026/audit/analyses/brown_adherence/main_linkage_b_amendment/stage2/influence/deletion_estimands/LOSO-BAUA/manifest.csv",1789,"459fa7a3d73a5f1c38f100e78cfe4c7c30a60ff5ab73c7dae5bb50dc959e4844"
"/Users/zauner/.codex/worktrees/82ab/ZaunerEtAl_bioRxiv_2026/audit/analyses/brown_adherence/main_linkage_b_amendment/stage2/influence/deletion_estimands/LOSO-BAUA/estimands.rds",27580,"4f7bf762b9d8e468e0ee59720138987690dad996b6b05ac1df4ded200a4ba9b9"
"/Users/zauner/.codex/worktrees/82ab/ZaunerEtAl_bioRxiv_2026/audit/analyses/brown_adherence/main_linkage_b_amendment/stage2/influence/deletion_estimands/LOSO-BAUA/cell_predictions.csv",6372,"13f72c31cda2889902100735b8cc222ef9d626c7d9dff7db31174c05599b7a6b"
"/Users/zauner/.codex/worktrees/82ab/ZaunerEtAl_bioRxiv_2026/audit/analyses/brown_adherence/main_linkage_b_amendment/stage2/influence/deletion_estimands/LOSO-BAUA/primary_comparison.csv",1041,"eca2aa9bae5eb6ba4c1b4bb9fcd2bc13bd9e9a0623110585a164ecd61056041b"
"/Users/zauner/.codex/worktrees/82ab/ZaunerEtAl_bioRxiv_2026/audit/analyses/brown_adherence/main_linkage_b_amendment/stage2/influence/deletion_estimands/LOSO-BAUA/contrast_matrix.csv",1068,"f319236d95ce375f14c61a200408138d52ca935942f1dcd303e34180cfeec3c5"
"/Users/zauner/.codex/worktrees/82ab/ZaunerEtAl_bioRxiv_2026/audit/analyses/brown_adherence/main_linkage_b_amendment/stage2/influence/deletion_estimands/LOSO-BAUA/quadrature.csv",255,"fc99eeffca03cb17e842165b3fc2a73207b70bc216d0e303edd9c717618fbf8f"
"/Users/zauner/.codex/worktrees/82ab/ZaunerEtAl_bioRxiv_2026/audit/analyses/brown_adherence/main_linkage_b_amendment/stage2/influence/deletion_estimands/LOSO-BAUA/checks.csv",384,"8f53c5ddeec62cbda7d896ab37c27a7ba602db338c0f89250f15ba34d7eef785"
"/Users/zauner/.codex/worktrees/82ab/ZaunerEtAl_bioRxiv_2026/audit/analyses/brown_adherence/main_linkage_b_amendment/stage2/preflight/execution_jobs/DERIVE-SENSITIVITY-LOSO-BAUA/finish.json",1813,"2c688052ad18deca9ba4c21c917aaf3a23d24c7c9993bd09f2e7e8d9f32490a0"
"/Users/zauner/.codex/worktrees/82ab/ZaunerEtAl_bioRxiv_2026/audit/analyses/brown_adherence/main_linkage_b_amendment/stage2/influence/deletion_estimands/LOSO-MPI/status.csv",263,"8d27fddca944c3711d4dcb413912980755b23adf38102f96ff980e98f438e733"
"/Users/zauner/.codex/worktrees/82ab/ZaunerEtAl_bioRxiv_2026/audit/analyses/brown_adherence/main_linkage_b_amendment/stage2/models/BA-LB-LOSO-MPI_fit_gate.csv",953,"014f3bed1f116fd1cf402977ab6897046e52fc0add4d5ad4b8ee2e74a5d527fe"
"/Users/zauner/.codex/worktrees/82ab/ZaunerEtAl_bioRxiv_2026/audit/analyses/brown_adherence/main_linkage_b_amendment/stage2/influence/deletion_estimands/LOSO-MPI/manifest.csv",1782,"9f5259f8ab0f8fd677de6008755c2d5ef3361eab16327d2f3a624090eb667528"
"/Users/zauner/.codex/worktrees/82ab/ZaunerEtAl_bioRxiv_2026/audit/analyses/brown_adherence/main_linkage_b_amendment/stage2/influence/deletion_estimands/LOSO-MPI/estimands.rds",27664,"261b582487f9feb1c4b319e32ce288e7545591df64e553a56d8bf740f2ca23f6"
"/Users/zauner/.codex/worktrees/82ab/ZaunerEtAl_bioRxiv_2026/audit/analyses/brown_adherence/main_linkage_b_amendment/stage2/influence/deletion_estimands/LOSO-MPI/cell_predictions.csv",6386,"518cdfca5a0e846ba4a748188c84c27fa611fea36e5fba817081e65877134ede"
"/Users/zauner/.codex/worktrees/82ab/ZaunerEtAl_bioRxiv_2026/audit/analyses/brown_adherence/main_linkage_b_amendment/stage2/influence/deletion_estimands/LOSO-MPI/primary_comparison.csv",1035,"95c14e9f0a3bb47e7aad3075f8ba7fa9d0bd218ceff78612ac30740df7b32467"
"/Users/zauner/.codex/worktrees/82ab/ZaunerEtAl_bioRxiv_2026/audit/analyses/brown_adherence/main_linkage_b_amendment/stage2/influence/deletion_estimands/LOSO-MPI/contrast_matrix.csv",1068,"f319236d95ce375f14c61a200408138d52ca935942f1dcd303e34180cfeec3c5"
"/Users/zauner/.codex/worktrees/82ab/ZaunerEtAl_bioRxiv_2026/audit/analyses/brown_adherence/main_linkage_b_amendment/stage2/influence/deletion_estimands/LOSO-MPI/quadrature.csv",250,"7079d853ba5419cfc92af27b7ba0125b96f0e7692a6b91901d820fc27e000dc3"
"/Users/zauner/.codex/worktrees/82ab/ZaunerEtAl_bioRxiv_2026/audit/analyses/brown_adherence/main_linkage_b_amendment/stage2/influence/deletion_estimands/LOSO-MPI/checks.csv",384,"8f53c5ddeec62cbda7d896ab37c27a7ba602db338c0f89250f15ba34d7eef785"
"/Users/zauner/.codex/worktrees/82ab/ZaunerEtAl_bioRxiv_2026/audit/analyses/brown_adherence/main_linkage_b_amendment/stage2/preflight/execution_jobs/DERIVE-SENSITIVITY-LOSO-MPI/finish.json",1813,"fae620186ef2981a80f8eed885c9285c9b2e9dafd320ffd2f95f958ddb3d3613"
"/Users/zauner/.codex/worktrees/82ab/ZaunerEtAl_bioRxiv_2026/audit/analyses/brown_adherence/main_linkage_b_amendment/stage2/influence/deletion_estimands/LOSO-TUM/status.csv",263,"9c6b4d9197a01ab02ecce5302359808a0c95882d0784479197d9f09f70d3680e"
"/Users/zauner/.codex/worktrees/82ab/ZaunerEtAl_bioRxiv_2026/audit/analyses/brown_adherence/main_linkage_b_amendment/stage2/models/BA-LB-LOSO-TUM_fit_gate.csv",950,"f0bc2b2fea674dbe19f0b90d02f6db71bf74fea61166e1886badfc33b1ce7856"
"/Users/zauner/.codex/worktrees/82ab/ZaunerEtAl_bioRxiv_2026/audit/analyses/brown_adherence/main_linkage_b_amendment/stage2/influence/deletion_estimands/LOSO-TUM/manifest.csv",1782,"ee9f00a36202a4d98697e9fe1dd82ff8458a08214ad3fef093599e8fe65d45ee"
"/Users/zauner/.codex/worktrees/82ab/ZaunerEtAl_bioRxiv_2026/audit/analyses/brown_adherence/main_linkage_b_amendment/stage2/influence/deletion_estimands/LOSO-TUM/estimands.rds",27780,"8fb2aee14cb37ccc8235364d4586e7efd9ec3906e83f2f1a7818b395dbf049df"
"/Users/zauner/.codex/worktrees/82ab/ZaunerEtAl_bioRxiv_2026/audit/analyses/brown_adherence/main_linkage_b_amendment/stage2/influence/deletion_estimands/LOSO-TUM/cell_predictions.csv",6378,"513dd2704e0955ad74a3e555e0869b95bfe935e59b21237d69449c0112666a19"
"/Users/zauner/.codex/worktrees/82ab/ZaunerEtAl_bioRxiv_2026/audit/analyses/brown_adherence/main_linkage_b_amendment/stage2/influence/deletion_estimands/LOSO-TUM/primary_comparison.csv",1036,"95b717c73e01bd082401853a84fb6574a165edf5378f63339173c208460727a7"
"/Users/zauner/.codex/worktrees/82ab/ZaunerEtAl_bioRxiv_2026/audit/analyses/brown_adherence/main_linkage_b_amendment/stage2/influence/deletion_estimands/LOSO-TUM/contrast_matrix.csv",1068,"f319236d95ce375f14c61a200408138d52ca935942f1dcd303e34180cfeec3c5"
"/Users/zauner/.codex/worktrees/82ab/ZaunerEtAl_bioRxiv_2026/audit/analyses/brown_adherence/main_linkage_b_amendment/stage2/influence/deletion_estimands/LOSO-TUM/quadrature.csv",249,"e9b52ed6dc2c352712e480cab074d32543a2328fc38d8679a5e98ab10d85a09a"
"/Users/zauner/.codex/worktrees/82ab/ZaunerEtAl_bioRxiv_2026/audit/analyses/brown_adherence/main_linkage_b_amendment/stage2/influence/deletion_estimands/LOSO-TUM/checks.csv",384,"8f53c5ddeec62cbda7d896ab37c27a7ba602db338c0f89250f15ba34d7eef785"
"/Users/zauner/.codex/worktrees/82ab/ZaunerEtAl_bioRxiv_2026/audit/analyses/brown_adherence/main_linkage_b_amendment/stage2/preflight/execution_jobs/DERIVE-SENSITIVITY-LOSO-TUM/finish.json",1813,"4639edaf6722124d84c103f7ac1b1483026292cfed58a34b04fa92c2b3799b75"
"/Users/zauner/.codex/worktrees/82ab/ZaunerEtAl_bioRxiv_2026/audit/analyses/brown_adherence/main_linkage_b_amendment/stage2/influence/deletion_estimands/LOSO-FUSPCEU/status.csv",271,"e3d4b23b572119859c6196d7b5b96354c9803b1c663fd7ab7372725867f0ee3c"
"/Users/zauner/.codex/worktrees/82ab/ZaunerEtAl_bioRxiv_2026/audit/analyses/brown_adherence/main_linkage_b_amendment/stage2/models/BA-LB-LOSO-FUSPCEU_fit_gate.csv",961,"c27d63898cfc13604d9d7bed45f8b78395c39f8d1cde9e7189816becf62c3a20"
"/Users/zauner/.codex/worktrees/82ab/ZaunerEtAl_bioRxiv_2026/audit/analyses/brown_adherence/main_linkage_b_amendment/stage2/influence/deletion_estimands/LOSO-FUSPCEU/manifest.csv",1810,"6d3e27dbf50c32493153d4e56c09a02705c4d9f0ed0304b3bad3d840047d14a3"
"/Users/zauner/.codex/worktrees/82ab/ZaunerEtAl_bioRxiv_2026/audit/analyses/brown_adherence/main_linkage_b_amendment/stage2/influence/deletion_estimands/LOSO-FUSPCEU/estimands.rds",27756,"dc219ebeb3750b4bde8e2ea28641f2495fdd69f8fcc6f7c8f41cbe7207200c9a"
"/Users/zauner/.codex/worktrees/82ab/ZaunerEtAl_bioRxiv_2026/audit/analyses/brown_adherence/main_linkage_b_amendment/stage2/influence/deletion_estimands/LOSO-FUSPCEU/cell_predictions.csv",6349,"e3819e96a0183a8c52917e3bbd91eb7bdb7b218c236198afcaff68d7ca819ac1"
"/Users/zauner/.codex/worktrees/82ab/ZaunerEtAl_bioRxiv_2026/audit/analyses/brown_adherence/main_linkage_b_amendment/stage2/influence/deletion_estimands/LOSO-FUSPCEU/primary_comparison.csv",1048,"38b474f15f1714991140ef54297c4210886e3c275b6abbb6ea5b6abf8002151f"
"/Users/zauner/.codex/worktrees/82ab/ZaunerEtAl_bioRxiv_2026/audit/analyses/brown_adherence/main_linkage_b_amendment/stage2/influence/deletion_estimands/LOSO-FUSPCEU/contrast_matrix.csv",1068,"f319236d95ce375f14c61a200408138d52ca935942f1dcd303e34180cfeec3c5"
"/Users/zauner/.codex/worktrees/82ab/ZaunerEtAl_bioRxiv_2026/audit/analyses/brown_adherence/main_linkage_b_amendment/stage2/influence/deletion_estimands/LOSO-FUSPCEU/quadrature.csv",269,"14e4b664f6de45c21e03bb54f4f5cacdd83c0c1d6ccbfca5dccc405aa28ed3aa"
"/Users/zauner/.codex/worktrees/82ab/ZaunerEtAl_bioRxiv_2026/audit/analyses/brown_adherence/main_linkage_b_amendment/stage2/influence/deletion_estimands/LOSO-FUSPCEU/checks.csv",384,"8f53c5ddeec62cbda7d896ab37c27a7ba602db338c0f89250f15ba34d7eef785"
"/Users/zauner/.codex/worktrees/82ab/ZaunerEtAl_bioRxiv_2026/audit/analyses/brown_adherence/main_linkage_b_amendment/stage2/preflight/execution_jobs/DERIVE-SENSITIVITY-LOSO-FUSPCEU/finish.json",1821,"f6e7cdb8bdfe89617ec5c89c0fa16b69e475656a7ca9881926a329e2da94296e"
"/Users/zauner/.codex/worktrees/82ab/ZaunerEtAl_bioRxiv_2026/audit/analyses/brown_adherence/main_linkage_b_amendment/stage2/influence/deletion_estimands/LOSO-IZTECH/status.csv",269,"3b57accbc878169eee677716d4ae995f15825d31de993e49516e51f628a69926"
"/Users/zauner/.codex/worktrees/82ab/ZaunerEtAl_bioRxiv_2026/audit/analyses/brown_adherence/main_linkage_b_amendment/stage2/models/BA-LB-LOSO-IZTECH_fit_gate.csv",959,"c69a034dc9bf40809e5daf4d787caa493d2e3646a59d2fffca02d1bc8de596d9"
"/Users/zauner/.codex/worktrees/82ab/ZaunerEtAl_bioRxiv_2026/audit/analyses/brown_adherence/main_linkage_b_amendment/stage2/influence/deletion_estimands/LOSO-IZTECH/manifest.csv",1803,"46005c74eb1453599f54b579fe55ad8f0c2050da85fdf9aecc68def1ae5b95d1"
"/Users/zauner/.codex/worktrees/82ab/ZaunerEtAl_bioRxiv_2026/audit/analyses/brown_adherence/main_linkage_b_amendment/stage2/influence/deletion_estimands/LOSO-IZTECH/estimands.rds",27636,"7d3ea30460dc0c8e59e0a9cbdc9ecf50b2fe86c7722e1b6bdac6bc3bacb29a0b"
"/Users/zauner/.codex/worktrees/82ab/ZaunerEtAl_bioRxiv_2026/audit/analyses/brown_adherence/main_linkage_b_amendment/stage2/influence/deletion_estimands/LOSO-IZTECH/cell_predictions.csv",6368,"49bf8ec09a4cb45d8ccedfd7f7d70d911cc81d54f15fdd3ee9a6380e560c95e9"
"/Users/zauner/.codex/worktrees/82ab/ZaunerEtAl_bioRxiv_2026/audit/analyses/brown_adherence/main_linkage_b_amendment/stage2/influence/deletion_estimands/LOSO-IZTECH/primary_comparison.csv",1044,"22adb40816c80682f9e16f303ff656c26daadbbf161555ca5353e817eaf5a422"
"/Users/zauner/.codex/worktrees/82ab/ZaunerEtAl_bioRxiv_2026/audit/analyses/brown_adherence/main_linkage_b_amendment/stage2/influence/deletion_estimands/LOSO-IZTECH/contrast_matrix.csv",1068,"f319236d95ce375f14c61a200408138d52ca935942f1dcd303e34180cfeec3c5"
"/Users/zauner/.codex/worktrees/82ab/ZaunerEtAl_bioRxiv_2026/audit/analyses/brown_adherence/main_linkage_b_amendment/stage2/influence/deletion_estimands/LOSO-IZTECH/quadrature.csv",265,"81199156c1c6833a562fb89b0c91e4370837d1d1d3a49907182f4e1ea41e31f1"
"/Users/zauner/.codex/worktrees/82ab/ZaunerEtAl_bioRxiv_2026/audit/analyses/brown_adherence/main_linkage_b_amendment/stage2/influence/deletion_estimands/LOSO-IZTECH/checks.csv",384,"8f53c5ddeec62cbda7d896ab37c27a7ba602db338c0f89250f15ba34d7eef785"
"/Users/zauner/.codex/worktrees/82ab/ZaunerEtAl_bioRxiv_2026/audit/analyses/brown_adherence/main_linkage_b_amendment/stage2/preflight/execution_jobs/DERIVE-SENSITIVITY-LOSO-IZTECH/finish.json",1818,"a47930cbb20e92973122d2f29ed4341e684fff3bbf00a82dc81f4c3d02dcf05b"
"/Users/zauner/.codex/worktrees/82ab/ZaunerEtAl_bioRxiv_2026/audit/analyses/brown_adherence/main_linkage_b_amendment/stage2/influence/deletion_estimands/LOSO-UCR/status.csv",263,"dd7f7e4e6d66a65fb7161c8727782642642e5a39618d223db0ff863ea546cc36"
"/Users/zauner/.codex/worktrees/82ab/ZaunerEtAl_bioRxiv_2026/audit/analyses/brown_adherence/main_linkage_b_amendment/stage2/models/BA-LB-LOSO-UCR_fit_gate.csv",951,"85b3d6f1647f2b68e0cf6df14d6d09b0fcb9de17645f59aa65f8aed2138f95c2"
"/Users/zauner/.codex/worktrees/82ab/ZaunerEtAl_bioRxiv_2026/audit/analyses/brown_adherence/main_linkage_b_amendment/stage2/influence/deletion_estimands/LOSO-UCR/manifest.csv",1782,"db0cbda94e7b2723536fd3f579ec3d38dfd2f57fd4054de28baa75ae8402aee7"
"/Users/zauner/.codex/worktrees/82ab/ZaunerEtAl_bioRxiv_2026/audit/analyses/brown_adherence/main_linkage_b_amendment/stage2/influence/deletion_estimands/LOSO-UCR/estimands.rds",27552,"286064dea26037e9c77d83e5d42f6f81f2a32b3308d320b158ee338f808ed718"
"/Users/zauner/.codex/worktrees/82ab/ZaunerEtAl_bioRxiv_2026/audit/analyses/brown_adherence/main_linkage_b_amendment/stage2/influence/deletion_estimands/LOSO-UCR/cell_predictions.csv",6373,"1aee817271e62f8b23b1a7fc4dc28a6298db9c4ef4a80147cf4be87d27f38ebc"
"/Users/zauner/.codex/worktrees/82ab/ZaunerEtAl_bioRxiv_2026/audit/analyses/brown_adherence/main_linkage_b_amendment/stage2/influence/deletion_estimands/LOSO-UCR/primary_comparison.csv",1039,"fc7e568ac51c6ef9b0837492a30f344c1036a056086b43743c937216d68fcab5"
"/Users/zauner/.codex/worktrees/82ab/ZaunerEtAl_bioRxiv_2026/audit/analyses/brown_adherence/main_linkage_b_amendment/stage2/influence/deletion_estimands/LOSO-UCR/contrast_matrix.csv",1068,"f319236d95ce375f14c61a200408138d52ca935942f1dcd303e34180cfeec3c5"
"/Users/zauner/.codex/worktrees/82ab/ZaunerEtAl_bioRxiv_2026/audit/analyses/brown_adherence/main_linkage_b_amendment/stage2/influence/deletion_estimands/LOSO-UCR/quadrature.csv",249,"2b56c2576f524e1c3075570ce6e853fb5d3bd84be67039f8966863dde72edbf4"
"/Users/zauner/.codex/worktrees/82ab/ZaunerEtAl_bioRxiv_2026/audit/analyses/brown_adherence/main_linkage_b_amendment/stage2/influence/deletion_estimands/LOSO-UCR/checks.csv",384,"8f53c5ddeec62cbda7d896ab37c27a7ba602db338c0f89250f15ba34d7eef785"
"/Users/zauner/.codex/worktrees/82ab/ZaunerEtAl_bioRxiv_2026/audit/analyses/brown_adherence/main_linkage_b_amendment/stage2/preflight/execution_jobs/DERIVE-SENSITIVITY-LOSO-UCR/finish.json",1813,"c1119f1ec0a7da16e675094efd4beb2545941c5bb0550b76307a12443a17a6ff"
"/Users/zauner/.codex/worktrees/82ab/ZaunerEtAl_bioRxiv_2026/audit/analyses/brown_adherence/main_linkage_b_amendment/stage2/influence/deletion_estimands/LOSO-KNUST/status.csv",267,"a2deb142bbdb5deb7acab0b680f2fad373531b1f9dd10043b9b24da5832dffdb"
"/Users/zauner/.codex/worktrees/82ab/ZaunerEtAl_bioRxiv_2026/audit/analyses/brown_adherence/main_linkage_b_amendment/stage2/models/BA-LB-LOSO-KNUST_fit_gate.csv",956,"7a0997b332977efcee5b5a383c3bfa0a84eabb83ea00175a9007a126095fde1e"
"/Users/zauner/.codex/worktrees/82ab/ZaunerEtAl_bioRxiv_2026/audit/analyses/brown_adherence/main_linkage_b_amendment/stage2/influence/deletion_estimands/LOSO-KNUST/manifest.csv",1796,"e3544123d111085f1670fe4b2bbd58b02adeb23c0b9218570e5a337b985e8441"
"/Users/zauner/.codex/worktrees/82ab/ZaunerEtAl_bioRxiv_2026/audit/analyses/brown_adherence/main_linkage_b_amendment/stage2/influence/deletion_estimands/LOSO-KNUST/estimands.rds",27636,"d20ef75384a9c4e9e969683f3135744d68617d5fa6bfc791b308c778a5f07828"
"/Users/zauner/.codex/worktrees/82ab/ZaunerEtAl_bioRxiv_2026/audit/analyses/brown_adherence/main_linkage_b_amendment/stage2/influence/deletion_estimands/LOSO-KNUST/cell_predictions.csv",6359,"2310cf461848ace7203f29d096c6c212287366d2ed9c7d242ecfacc44893ba87"
"/Users/zauner/.codex/worktrees/82ab/ZaunerEtAl_bioRxiv_2026/audit/analyses/brown_adherence/main_linkage_b_amendment/stage2/influence/deletion_estimands/LOSO-KNUST/primary_comparison.csv",1044,"a76dfbd33fb8f2118e1bb75a89fe4006c78c4f5b25f735b6954a15f9954eeaff"
"/Users/zauner/.codex/worktrees/82ab/ZaunerEtAl_bioRxiv_2026/audit/analyses/brown_adherence/main_linkage_b_amendment/stage2/influence/deletion_estimands/LOSO-KNUST/contrast_matrix.csv",1068,"f319236d95ce375f14c61a200408138d52ca935942f1dcd303e34180cfeec3c5"
"/Users/zauner/.codex/worktrees/82ab/ZaunerEtAl_bioRxiv_2026/audit/analyses/brown_adherence/main_linkage_b_amendment/stage2/influence/deletion_estimands/LOSO-KNUST/quadrature.csv",259,"a63460e2229c366b72b6e6be3c715acee23a5a60d6998247fc0ec1a3c86c23d2"
"/Users/zauner/.codex/worktrees/82ab/ZaunerEtAl_bioRxiv_2026/audit/analyses/brown_adherence/main_linkage_b_amendment/stage2/influence/deletion_estimands/LOSO-KNUST/checks.csv",384,"8f53c5ddeec62cbda7d896ab37c27a7ba602db338c0f89250f15ba34d7eef785"
"/Users/zauner/.codex/worktrees/82ab/ZaunerEtAl_bioRxiv_2026/audit/analyses/brown_adherence/main_linkage_b_amendment/stage2/preflight/execution_jobs/DERIVE-SENSITIVITY-LOSO-KNUST/finish.json",1816,"9ded70b5941e31905458d55504b65bdc7973f5ce705515eab7a76faec69e576d"
"/Users/zauner/.codex/worktrees/82ab/ZaunerEtAl_bioRxiv_2026/audit/analyses/brown_adherence/main_linkage_b_amendment/stage2/influence/deletion_estimands/INFLUENCE-1/status.csv",269,"9b6ee75671bc8c8f07408d9eb6396d93f22fed9dd8dc66a72db29d20db56b711"
"/Users/zauner/.codex/worktrees/82ab/ZaunerEtAl_bioRxiv_2026/audit/analyses/brown_adherence/main_linkage_b_amendment/stage2/models/BA-LB-INFLUENCE-1_fit_gate.csv",969,"19d81f41322219e563ac0ca66dadb793f39dd912ea94278267bd430c66227e17"
"/Users/zauner/.codex/worktrees/82ab/ZaunerEtAl_bioRxiv_2026/audit/analyses/brown_adherence/main_linkage_b_amendment/stage2/influence/deletion_estimands/INFLUENCE-1/manifest.csv",1803,"4e75d715ed52d422bb4b45769a48959c92391ffa0a23972f016bbff5bff4e888"
"/Users/zauner/.codex/worktrees/82ab/ZaunerEtAl_bioRxiv_2026/audit/analyses/brown_adherence/main_linkage_b_amendment/stage2/influence/deletion_estimands/INFLUENCE-1/estimands.rds",32568,"97645d3716b473b2fd208d502a246ec85027c7d52f167ec6f41d9a679727caff"
"/Users/zauner/.codex/worktrees/82ab/ZaunerEtAl_bioRxiv_2026/audit/analyses/brown_adherence/main_linkage_b_amendment/stage2/influence/deletion_estimands/INFLUENCE-1/cell_predictions.csv",7148,"b87e7bfa2ab9b50e6c2e8ec8ced177d1a439a218f50a3a55fc3d20f39de3073b"
"/Users/zauner/.codex/worktrees/82ab/ZaunerEtAl_bioRxiv_2026/audit/analyses/brown_adherence/main_linkage_b_amendment/stage2/influence/deletion_estimands/INFLUENCE-1/primary_comparison.csv",1011,"87f826f879b0608c06f3f46b0a29b182c23321e16580fb7788e392008c382a11"
"/Users/zauner/.codex/worktrees/82ab/ZaunerEtAl_bioRxiv_2026/audit/analyses/brown_adherence/main_linkage_b_amendment/stage2/influence/deletion_estimands/INFLUENCE-1/contrast_matrix.csv",1839,"0dcab0515d2a0752ec1148153d22c5d3ee37798ad842810655d895b47216e455"
"/Users/zauner/.codex/worktrees/82ab/ZaunerEtAl_bioRxiv_2026/audit/analyses/brown_adherence/main_linkage_b_amendment/stage2/influence/deletion_estimands/INFLUENCE-1/quadrature.csv",264,"3d116280a9f9182a4a1f39684e6641f000579990a85c6199173a1d69ed688684"
"/Users/zauner/.codex/worktrees/82ab/ZaunerEtAl_bioRxiv_2026/audit/analyses/brown_adherence/main_linkage_b_amendment/stage2/influence/deletion_estimands/INFLUENCE-1/checks.csv",384,"8f53c5ddeec62cbda7d896ab37c27a7ba602db338c0f89250f15ba34d7eef785"
"/Users/zauner/.codex/worktrees/82ab/ZaunerEtAl_bioRxiv_2026/audit/analyses/brown_adherence/main_linkage_b_amendment/stage2/preflight/execution_jobs/DERIVE-SENSITIVITY-INFLUENCE-1/finish.json",1818,"54c48055178fb3fcdfef9f079f7e8680cf671d6dd60fd9e45b3241382ad26b62"
"/Users/zauner/.codex/worktrees/82ab/ZaunerEtAl_bioRxiv_2026/audit/analyses/brown_adherence/main_linkage_b_amendment/stage2/influence/deletion_estimands/INFLUENCE-2/status.csv",269,"2e1c27ee645faaf651f7a098959778abf30d8664f694122a723d876e7d6ab6fb"
"/Users/zauner/.codex/worktrees/82ab/ZaunerEtAl_bioRxiv_2026/audit/analyses/brown_adherence/main_linkage_b_amendment/stage2/models/BA-LB-INFLUENCE-2_fit_gate.csv",969,"90775d8fd158d878f0308a25177c5aeafc9055e8f3e059ecb8fe4f1361f8e462"
"/Users/zauner/.codex/worktrees/82ab/ZaunerEtAl_bioRxiv_2026/audit/analyses/brown_adherence/main_linkage_b_amendment/stage2/influence/deletion_estimands/INFLUENCE-2/manifest.csv",1803,"2f59af7beef1967ef794fd0ae1453263b5823191a7194f2b09c2567093c2ba03"
"/Users/zauner/.codex/worktrees/82ab/ZaunerEtAl_bioRxiv_2026/audit/analyses/brown_adherence/main_linkage_b_amendment/stage2/influence/deletion_estimands/INFLUENCE-2/estimands.rds",32512,"9e4632a66433c15515c17169f125895808e9584ca3d3d73f7963fc49ead2a588"
"/Users/zauner/.codex/worktrees/82ab/ZaunerEtAl_bioRxiv_2026/audit/analyses/brown_adherence/main_linkage_b_amendment/stage2/influence/deletion_estimands/INFLUENCE-2/cell_predictions.csv",7154,"8d3b23ba8671d6e2ccf6221881ff64399ef9be05c0ff10ad2d3fcc2c5f8e32b4"
"/Users/zauner/.codex/worktrees/82ab/ZaunerEtAl_bioRxiv_2026/audit/analyses/brown_adherence/main_linkage_b_amendment/stage2/influence/deletion_estimands/INFLUENCE-2/primary_comparison.csv",1017,"c6c5e8b55817108611c8c4dd913e5f183fc442217c15f2fac03544a8a8f397d9"
"/Users/zauner/.codex/worktrees/82ab/ZaunerEtAl_bioRxiv_2026/audit/analyses/brown_adherence/main_linkage_b_amendment/stage2/influence/deletion_estimands/INFLUENCE-2/contrast_matrix.csv",1839,"0dcab0515d2a0752ec1148153d22c5d3ee37798ad842810655d895b47216e455"
"/Users/zauner/.codex/worktrees/82ab/ZaunerEtAl_bioRxiv_2026/audit/analyses/brown_adherence/main_linkage_b_amendment/stage2/influence/deletion_estimands/INFLUENCE-2/quadrature.csv",265,"5794b15ae592f5adc8fc06edcade6c07865aef77cd27edec40ec8350e2461b89"
"/Users/zauner/.codex/worktrees/82ab/ZaunerEtAl_bioRxiv_2026/audit/analyses/brown_adherence/main_linkage_b_amendment/stage2/influence/deletion_estimands/INFLUENCE-2/checks.csv",384,"8f53c5ddeec62cbda7d896ab37c27a7ba602db338c0f89250f15ba34d7eef785"
"/Users/zauner/.codex/worktrees/82ab/ZaunerEtAl_bioRxiv_2026/audit/analyses/brown_adherence/main_linkage_b_amendment/stage2/preflight/execution_jobs/DERIVE-SENSITIVITY-INFLUENCE-2/finish.json",1819,"2a47f4a121c695b6484c879c4d8259a8f5fcdaef73e12d4799a08c5ae3155380"
"/Users/zauner/.codex/worktrees/82ab/ZaunerEtAl_bioRxiv_2026/audit/analyses/brown_adherence/main_linkage_b_amendment/stage2/influence/deletion_estimands/INFLUENCE-3/status.csv",269,"8bf2a9e9af24a979edceb3fd39db4941dee33db2b9ddea8cb360075b2e7def1e"
"/Users/zauner/.codex/worktrees/82ab/ZaunerEtAl_bioRxiv_2026/audit/analyses/brown_adherence/main_linkage_b_amendment/stage2/models/BA-LB-INFLUENCE-3_fit_gate.csv",970,"d219ccb2847598ffc47345efd57bc45e1905cb431323c4339156719094a34b48"
"/Users/zauner/.codex/worktrees/82ab/ZaunerEtAl_bioRxiv_2026/audit/analyses/brown_adherence/main_linkage_b_amendment/stage2/influence/deletion_estimands/INFLUENCE-3/manifest.csv",1803,"39ded06f64002b8f41a5093c603c7a700955f0b38d00b96b21a443b53fb84dd3"
"/Users/zauner/.codex/worktrees/82ab/ZaunerEtAl_bioRxiv_2026/audit/analyses/brown_adherence/main_linkage_b_amendment/stage2/influence/deletion_estimands/INFLUENCE-3/estimands.rds",32576,"13417a57f8eb0d6fe47e24c065166276a4e90a0cefa65cc91ffdb496dd271002"
"/Users/zauner/.codex/worktrees/82ab/ZaunerEtAl_bioRxiv_2026/audit/analyses/brown_adherence/main_linkage_b_amendment/stage2/influence/deletion_estimands/INFLUENCE-3/cell_predictions.csv",7155,"f97490a239e30fd5f8963a7967788a3f7453e125840a069fd8788baae967e083"
"/Users/zauner/.codex/worktrees/82ab/ZaunerEtAl_bioRxiv_2026/audit/analyses/brown_adherence/main_linkage_b_amendment/stage2/influence/deletion_estimands/INFLUENCE-3/primary_comparison.csv",1013,"693222e7ab18aedfd6ea4414b8fbbac89aef52b36a24354c1619c91f6cd0c706"
"/Users/zauner/.codex/worktrees/82ab/ZaunerEtAl_bioRxiv_2026/audit/analyses/brown_adherence/main_linkage_b_amendment/stage2/influence/deletion_estimands/INFLUENCE-3/contrast_matrix.csv",1839,"0dcab0515d2a0752ec1148153d22c5d3ee37798ad842810655d895b47216e455"
"/Users/zauner/.codex/worktrees/82ab/ZaunerEtAl_bioRxiv_2026/audit/analyses/brown_adherence/main_linkage_b_amendment/stage2/influence/deletion_estimands/INFLUENCE-3/quadrature.csv",264,"58807c2bf7ba8d758e86e37b2f33f5aefcf3006ba1de4dff8f30d8858cb0f587"
"/Users/zauner/.codex/worktrees/82ab/ZaunerEtAl_bioRxiv_2026/audit/analyses/brown_adherence/main_linkage_b_amendment/stage2/influence/deletion_estimands/INFLUENCE-3/checks.csv",384,"8f53c5ddeec62cbda7d896ab37c27a7ba602db338c0f89250f15ba34d7eef785"
"/Users/zauner/.codex/worktrees/82ab/ZaunerEtAl_bioRxiv_2026/audit/analyses/brown_adherence/main_linkage_b_amendment/stage2/preflight/execution_jobs/DERIVE-SENSITIVITY-INFLUENCE-3/finish.json",1818,"37ad7988aad6cef1536f55bbd4b11e301e62c966fabafc2826a8675c78499b47"
"/Users/zauner/.codex/worktrees/82ab/ZaunerEtAl_bioRxiv_2026/audit/analyses/brown_adherence/main_linkage_b_amendment/stage2/influence/deletion_estimands/INFLUENCE-4/status.csv",278,"10da821c6f2d3c6e5119e41da20c5dc0d4ca8f3cc800b363b3a5f1fd0a1ec071"
"/Users/zauner/.codex/worktrees/82ab/ZaunerEtAl_bioRxiv_2026/audit/analyses/brown_adherence/main_linkage_b_amendment/stage2/models/BA-LB-INFLUENCE-4_fit_gate.csv",970,"181aaaec1150cf7473c6326c3b045af2159f7e7726f5f953f54fab4990d43bc3"
"/Users/zauner/.codex/worktrees/82ab/ZaunerEtAl_bioRxiv_2026/audit/analyses/brown_adherence/main_linkage_b_amendment/stage2/influence/deletion_estimands/INFLUENCE-4/manifest.csv",272,"e433609924b3b81352df2bced245fd0599699a6887018d56dfaaecace621d761"
"/Users/zauner/.codex/worktrees/82ab/ZaunerEtAl_bioRxiv_2026/audit/analyses/brown_adherence/main_linkage_b_amendment/stage2/influence/deletion_estimands/INFLUENCE-5/status.csv",269,"345135d242b84d4a2bc5b6f6ab56cf4e681891b5e9c5c2a8a0f431dc02e10d87"
"/Users/zauner/.codex/worktrees/82ab/ZaunerEtAl_bioRxiv_2026/audit/analyses/brown_adherence/main_linkage_b_amendment/stage2/models/BA-LB-INFLUENCE-5_fit_gate.csv",970,"153dfe1068c0c52205ebbbc2432ee451e50fc0b3d7f9a48b6c8ab0b6654a6109"
"/Users/zauner/.codex/worktrees/82ab/ZaunerEtAl_bioRxiv_2026/audit/analyses/brown_adherence/main_linkage_b_amendment/stage2/influence/deletion_estimands/INFLUENCE-5/manifest.csv",1803,"29c919bf2a1444ea04c04f8296dac6efc78fa6724724aee4e5e21ccf6d3daa1b"
"/Users/zauner/.codex/worktrees/82ab/ZaunerEtAl_bioRxiv_2026/audit/analyses/brown_adherence/main_linkage_b_amendment/stage2/influence/deletion_estimands/INFLUENCE-5/estimands.rds",32592,"5050de1564c78d7617661633a79f2d3bea710ac39942773d99145090878ff33a"
"/Users/zauner/.codex/worktrees/82ab/ZaunerEtAl_bioRxiv_2026/audit/analyses/brown_adherence/main_linkage_b_amendment/stage2/influence/deletion_estimands/INFLUENCE-5/cell_predictions.csv",7152,"746bace81b23c7c79e1d5b868c18fdac4474dab86ea3af77a7d65415511fdbb2"
"/Users/zauner/.codex/worktrees/82ab/ZaunerEtAl_bioRxiv_2026/audit/analyses/brown_adherence/main_linkage_b_amendment/stage2/influence/deletion_estimands/INFLUENCE-5/primary_comparison.csv",1014,"7fc90d88fab04591f17a226d23422537b8575eca9ca74076029c8b4c302cc9e8"
"/Users/zauner/.codex/worktrees/82ab/ZaunerEtAl_bioRxiv_2026/audit/analyses/brown_adherence/main_linkage_b_amendment/stage2/influence/deletion_estimands/INFLUENCE-5/contrast_matrix.csv",1839,"0dcab0515d2a0752ec1148153d22c5d3ee37798ad842810655d895b47216e455"
"/Users/zauner/.codex/worktrees/82ab/ZaunerEtAl_bioRxiv_2026/audit/analyses/brown_adherence/main_linkage_b_amendment/stage2/influence/deletion_estimands/INFLUENCE-5/quadrature.csv",264,"3332a71d564dfebca38dea73e7a3667ba9c1f95ce45668ad1fd8d5ae7d238d72"
"/Users/zauner/.codex/worktrees/82ab/ZaunerEtAl_bioRxiv_2026/audit/analyses/brown_adherence/main_linkage_b_amendment/stage2/influence/deletion_estimands/INFLUENCE-5/checks.csv",384,"8f53c5ddeec62cbda7d896ab37c27a7ba602db338c0f89250f15ba34d7eef785"
"/Users/zauner/.codex/worktrees/82ab/ZaunerEtAl_bioRxiv_2026/audit/analyses/brown_adherence/main_linkage_b_amendment/stage2/preflight/execution_jobs/DERIVE-SENSITIVITY-INFLUENCE-5/finish.json",1818,"9cbeaef81547cb4953649508401da266c6d728683f07e1f130abeea5693611d1"
